20030102,0.36,1.73,2.13,2.24,-0.27,2.93,2.26,2.62,2.46,3.52,2.7,1.9,2.87,2.11,2.96,3.74,2.98,4.8,3.81,1.78,4.01,2.91,4.8,2.85,1.89,1.8,1.9,3.04,1.55,1.99,2.02,4.97,2.18,3.55,4.18,5.79,3.99,2.11,1.75,2.3,2.97,3.08,2.98,3.15,2.43,1.04,3.7,4.43
20030103,-0.1,0.04,-0.54,-0.6,-1.28,-1,1.04,-0.61,-0.78,-1.19,-0.8,-0.2,1.19,-0.16,-2.14,-2.48,-1.65,-1.33,0.3,-1.85,-0.34,-0.6,-1.33,0.54,0.38,-0.25,1.71,-0.61,0.67,-0.03,0.66,0.34,0.1,0.44,1.28,-0.09,-0.56,-0.44,0.4,-0.18,0.07,-2.93,-1.46,-0.18,0.08,-0.3,0.64,-0.29
20030106,0.74,0.08,-0.02,0.74,-0.63,0.42,1.79,1.82,1.45,1.41,0.95,0.85,1.09,2.16,0.65,1.11,1.34,-0.15,2.24,1.6,2.03,1.39,2.42,1.23,-0.04,-0.18,-2.42,0.22,0.28,1.49,3.99,5.39,0.96,2.1,3.24,4.42,3.18,1.24,-0.17,1.48,1.47,0.34,1.71,2.81,1.4,-0.3,3.02,2.27
20030107,-0.43,-1.32,-0.73,-1.06,3.74,-0.15,0.11,-0.4,-1.27,-0.72,-0.63,-0.85,-1.44,-0.58,-0.52,-0.98,-1.96,0.6,-0.17,0.84,-1.64,-0.38,0.14,-2.03,-1.48,-4.14,-4.85,-1.43,-3.92,-3.46,-2.37,-1.01,-2.76,1.74,1.98,0.32,-1.37,-0.55,-0.69,-0.74,-1.23,0.14,-0.04,-0.79,-1.1,-1.56,-0.25,-0.57
20030108,-0.15,0.25,1.17,-0.4,-1.34,-1.36,-3.02,-1.06,-1.15,-0.8,-1.91,-0.54,-1.11,-1.87,-1.05,-1.63,-1.6,0.85,-6.17,-1.59,-2.08,-1.52,-2.35,-0.77,-0.62,-0.73,2.73,-1.96,-3.02,-0.62,0.6,-3.14,-1.4,-2.47,-1.47,-2.97,-2.26,-1.47,-0.21,-0.97,-0.96,-0.69,0.01,-0.77,-0.67,0.72,-2.29,-1.48
20030109,0.18,1.02,2.28,1.26,2.13,2.83,2.87,1.68,0.92,1.83,2.02,1.91,1.37,1.58,1.26,2.33,1.41,1.21,3.38,1.42,1.69,0.52,2.21,2.68,0.49,-0.66,-2.31,0.54,1.46,1.74,0.17,1.4,0.54,3.22,3.04,2.56,2.44,1.75,-0.04,1.28,0.97,3.15,0.74,1.21,2.05,0.3,3.9,1.51
20030110,-0.23,-0.62,-0.15,0.7,-0.38,0.59,2.31,-0.33,0.09,0.14,-1.75,0.21,0.1,-0.37,-0.34,-0.03,0.39,0.65,2.09,0.16,0.58,0.3,0.29,-0.37,-0.4,2.89,1.64,1.29,1.14,-1.1,-0.57,-0.13,-0.03,0.4,0.14,1.72,1.33,0.29,0.85,-0.44,-0.59,-0.17,0.75,-0.05,-0.46,-0.57,0.45,-0.76
20030113,-0.57,0.88,0.51,1.01,0.32,0.26,0.42,-0.79,-0.29,-0.67,1.04,0.06,0.02,-0.31,-0.65,0.2,-0.94,-0.66,0.48,-1.27,-0.97,0.13,0.67,-0.04,-1.14,-2.68,-2.29,-1.39,-0.62,-0.44,-1.92,0.46,-0.33,0.14,-1.33,-1.12,-0.8,-0.16,1.56,-0.15,-0.24,-0.25,-0.61,0.16,0.24,0.1,0.07,-0.1
20030114,0.15,-0.26,0.24,0.19,-0.01,-0.75,1.41,-0.05,-0.1,-0.72,1.05,0.12,-0.05,0.39,-1.05,0.36,0.42,-0.05,1.57,1.29,-0.28,0.66,0.44,0.16,0.13,-0.4,-3.2,-0.57,0.09,0.49,0.31,1.43,-0.04,0.87,1.45,1.76,0.27,0.75,-0.9,-0.13,0.02,0.06,0.21,0.91,0.47,0.01,0.59,0.4
20030115,-0.12,-1.12,-0.98,-1.56,-0.53,-0.7,-0.82,-1.22,-0.69,-1.47,-0.24,-0.99,-1.32,-1.83,-0.12,-0.6,-0.78,-0.66,-1.99,-1.2,-1.39,-0.22,-1.11,-1.26,-1.4,-2.05,1.18,-1.25,-2.62,-0.13,-0.21,-2.16,-0.39,-1.71,-1.75,-1.85,-3.21,-1.03,-0.25,-1.04,-1.28,-1.23,-0.94,-1.49,-0.94,-0.48,-1.67,-1.76
20030116,-0.85,1.5,1.83,1.27,1.5,-0.21,0.45,0.26,1.05,-0.24,0.22,0.17,0.03,0.7,0.38,-0.58,1.57,2.38,-1.46,-1.09,0.49,-0.77,-0.28,0.91,-0.17,-0.04,3.87,2.47,1.52,0.84,-0.25,-1.34,0.51,-1.37,-1.53,-2.15,-0.89,0.39,-0.44,-0.17,0.19,0.19,-1.87,-0.65,-0.59,0.27,-0.6,-0.48
20030117,-0.43,-0.32,-0.59,-0.79,0.43,-0.53,-2.63,-0.63,-0.37,-2.15,1.85,-0.21,-0.68,-1.11,-0.6,-2.74,-1.24,-1.19,-0.12,-1.85,-2.1,-1.76,-1.03,-0.5,-3.5,-2.21,-3.03,-0.62,-1.07,-0.97,-0.97,-2.07,-1.07,-4.51,-3.93,-4.61,-2.76,-0.6,-0.47,-0.85,-0.56,-0.86,-1.36,-0.03,-0.39,-0.38,-1.45,-0.71
20030121,0.72,-0.66,-1,-0.95,-1.41,-2.11,-3.41,-0.72,-1.71,-2.39,-1.25,-1.27,-0.57,-1.37,-1.93,-2.28,-1.77,-1.05,-3.49,-0.85,-1.89,-2.18,-1.04,-2.19,-0.34,-2.16,0.65,-2.56,0.1,-2.08,-1.6,-2.43,-2.3,-0.87,-0.64,-0.97,-1.38,-1.42,-1.71,-2.25,-0.79,-2.55,-1.56,-1.43,-1.24,-0.8,-3.3,-2.92
20030122,-0.49,-0.61,-0.01,0.01,-1.2,-0.77,-2.13,-0.69,-1.7,0.49,0.03,-0.72,-0.1,-1.34,-0.91,-0.23,-0.96,-0.99,-1.28,-0.45,-1.07,-1.17,-3.5,-1.91,-11.28,-0.87,2.35,0.44,-1.34,-0.68,-0.75,-0.46,-0.49,-0.82,-0.76,-1,-0.37,-0.21,-0.99,-2.63,-0.53,-1.24,0,-1.25,-0.96,-1.16,-3.02,-1.9
20030123,0.19,-1.27,-0.04,-1.34,-3.04,1.99,2.92,1.31,0.64,1.74,0.65,0.91,0.31,0.77,1.43,1.67,0.06,1.87,2.74,1.24,2.43,1.59,2.58,1.64,0.54,2.34,3.05,1.72,0.97,0.09,1.06,-2.6,1.5,2.53,3.59,2.63,1.37,1.04,0.7,1.27,-0.43,1.32,-1.09,1.02,1.13,-0.15,1.77,1.49
20030124,-0.78,-1.45,-2.7,-2.39,-1.71,-0.42,-2.26,-1.26,-1.54,-2.21,-2.97,-1.79,-2.6,-2.47,-2.18,-1.53,-1.8,-1.42,-3.78,-2.31,-3.19,-3.47,-2.31,-2.83,0.12,-2.82,2.19,-0.84,-6.55,-2,-2.15,-3.41,-1.43,-3.25,-4.06,-3.24,-3.52,-1.96,-2.65,-2.5,-1.82,-2.86,-1.13,-2.68,-3.75,-0.46,-3.61,-3.44
20030127,-0.39,-1.05,-1.28,-1.73,-0.69,-1.48,-3.09,-1.82,-1.69,-0.72,-2.09,-1.99,-2.28,-2.97,-2.28,-2.98,-1.81,-2.42,-2.5,-1.88,-1.95,-1.32,-1.82,-2.43,-0.4,-0.74,-2.59,-0.74,-4.86,-2.96,-2.96,-0.86,-0.15,-1.43,-1.56,-1.64,-1.21,-1.23,-3.72,-0.77,-1.95,-1.44,-1.59,-1.37,-1.43,-0.78,-1.19,-0.38
20030128,0.43,0.13,-1.4,-1.04,-0.93,1.07,0.87,1.72,1.78,1.28,1.66,0.57,2.15,1.12,2.95,0.68,0.61,0.87,1.14,0.96,0.59,0.95,1.26,2.75,2.33,1.16,0.13,0.62,3.31,2.03,2.32,0.36,0.65,1.02,3.6,1.92,2.15,1.18,1.08,1,1.07,1.33,-0.46,1,0.83,0.58,1.17,0.49
20030129,-0.85,-2,0.57,-1.23,-3.01,0.42,1.85,0.94,-0.2,0.88,0.18,0.92,0.78,-0.15,-0.3,1.44,0.2,0.57,0.68,1.75,1.73,0.83,-0.19,-0.85,-0.55,-1.12,-2.18,0.24,-2.14,3.3,0.13,1.62,1.84,0.84,0.58,2.41,1.37,0.69,-0.97,0.27,0.72,0.14,1.01,0.4,0.11,-0.41,0.18,-0.41
20030130,-0.34,-2.3,-0.84,-3.14,-0.57,-1.81,-9.69,-1.14,-1.06,-1.77,-1.85,-0.63,-2.01,-2.55,-2.85,-0.76,-2.09,-2.5,-2.15,1.73,-2.43,-2.13,-3.4,-0.52,-0.62,-1.82,2.31,-0.73,3.14,-1.47,-1.31,-2.89,-0.75,-2.47,-3.38,-4.2,-3.09,-2.06,-1.96,-1.17,-1.32,-1.25,-1.28,-1.89,-1.68,-0.28,-2.62,-1.88
20030131,1.32,3.2,1.58,3.04,2.71,2.72,-1.13,1.83,1.67,-0.49,1.85,0.99,1.78,2.43,0.6,0.68,1.54,1.47,0.44,1.94,-0.05,1.32,1.38,2.35,0.06,2.8,-1.73,1,-2.74,1.95,0.78,2.95,1.31,0.2,-1.99,-0.06,0.56,1.09,-0.22,1.32,1.89,0.74,0,1.61,1.41,1.12,1.53,2.34
20030203,-0.51,0.01,0.21,0.17,1.3,2.19,-0.7,-1.01,0.14,-0.68,-1.55,-0.35,0.31,0.08,0.59,0.98,-0.13,0.29,0.5,-0.28,0.51,0.43,0.76,0.1,-0.38,-3.62,-0.96,-0.65,0.59,1.12,0.95,0.54,0.01,0.52,0.58,-0.2,-0.23,0.59,-0.41,-0.34,-0.74,0.71,1.04,0.26,0.39,-1.22,0.96,1.79
20030204,1.28,0.43,0.25,0.34,-0.96,-2.21,-3.39,-1.26,0.33,-1.62,-1.62,-1.38,-1.56,-0.69,-0.83,-2.04,-0.93,-0.77,-1.89,-0.52,0.19,-0.61,-0.95,-0.34,0.25,3.5,3.93,0.16,1.01,0.67,-0.95,-1.34,0.24,-2.07,-0.49,-1.06,-1.35,-0.74,0.26,-0.8,-0.64,-1.49,-1.68,-1.6,-3.49,-0.52,-2.47,-2.38
20030205,-0.71,-0.17,-1.17,-0.49,-0.13,1.38,-3.51,-0.47,-0.51,0.17,-0.44,0.23,-0.72,-0.3,0.41,-0.61,-0.27,1.14,0.03,-0.15,-0.11,-0.42,0.22,-0.62,-0.14,-1.26,-3.53,-2.2,-2.16,-1.01,-1.29,-0.38,-1.15,-0.43,-0.71,-0.14,0.44,-0.26,0.36,0.7,-0.31,-0.3,-1.2,-0.68,-0.33,0.37,-0.54,-0.35
20030206,-0.63,-1.11,-1.27,-0.86,-1.33,-1.02,1.3,0.18,-0.44,-0.44,-1.34,0.01,0.02,-1.22,-0.36,-1.29,-0.96,-2.47,-0.33,-1.7,-0.91,-1.26,-1,-0.32,-0.34,-0.94,-0.68,-3.53,-0.57,-0.6,-0.49,-0.66,-0.51,-0.07,-0.16,-1.08,-4.82,-0.72,-0.97,0.43,-0.16,-0.45,-1.89,-0.63,-2.84,-0.82,-1.03,-0.45
20030207,-0.74,-1.16,-1.34,-0.6,0.07,0.09,-1.63,-1.12,-0.81,-1.75,0.1,-0.82,-0.69,-0.7,-1.35,-2.66,-0.89,-1.22,0.84,-1.62,-1.48,-1.18,-1.01,-0.95,-0.05,-0.13,-0.74,-0.34,-0.84,-0.91,-1.59,-1.2,-2.14,-1.12,-2.71,-1.4,-1.71,-0.6,-1,-1.47,-1.19,-1.19,-1.34,-0.66,-1.13,-0.29,-1.72,-0.89
20030210,0.02,0.56,0.57,1.19,1.18,0.26,-1.19,0.29,0.97,0.5,0.71,0.22,0.8,0.66,0.47,1.88,0.25,2.53,2.86,0.91,0.87,0.86,1.19,0.39,0.19,0.21,-3.3,-0.33,3.52,1.07,0.56,0.04,0.23,1.11,1.04,1.84,1.06,0.73,-0.45,0.31,0.98,0.26,1.49,0.74,0.41,2.2,0.56,-0.3
20030211,-0.76,-1.7,-1.05,-1.9,-1.42,-0.23,-0.65,-1.18,-1.32,0.67,-1.47,-0.26,-0.68,-1.39,-0.72,-2.28,-0.89,0.1,-0.22,-1.56,-0.29,-0.44,-0.74,-1.69,-0.64,-2.39,3.37,0.27,-0.01,-0.6,-1.93,-1.14,0.28,-0.75,1.15,0.43,-0.04,-0.85,-0.24,-0.53,-0.46,0.1,1.39,-1.27,-0.54,-2.13,-1.11,-0.38
20030212,-3.25,-0.45,-0.8,1.1,-0.5,-1.52,-0.45,-1.36,-0.31,-0.79,-1.95,0.72,-1.89,-0.82,0.09,-1.48,0.2,-1.62,-1.41,-0.92,-1.24,-0.51,-2.74,-1.93,-1.1,-1.75,-4.87,-1.5,-0.5,-2,-2.76,-1.8,-0.64,-1.3,-1.69,-1.65,-0.05,-0.23,-1.29,-0.94,-2.23,-0.15,-1.51,-0.92,-1.58,-0.86,-1.98,-1.08
20030213,0.38,0.57,0.47,0.55,0.12,0.15,-1.64,-1.11,-0.36,-0.33,-0.6,-1.61,-0.68,0.92,0.62,-0.43,-0.07,-1.46,-0.12,-1.07,-0.84,-0.57,-1.41,-1.01,-0.56,-0.09,4.75,0.26,-1.47,0.33,1.19,-1.34,0.32,-0.28,0.79,-0.37,-0.09,-0.38,-0.09,-1.34,-1.08,-1.13,-2.2,0.18,0.49,-0.45,0.53,-0.3
20030214,0.31,1.45,0.91,1.42,1.68,1.58,2.84,1.02,1.24,1.51,-0.81,1.96,0.75,0.3,3.14,2.99,2.2,1.96,1.04,0.74,2.09,1.37,1.19,3.02,1.14,-0.64,-3.98,1.54,0.45,0.88,1.31,3.03,0.9,2.43,4.53,3.99,2.45,0.86,-0.12,1.25,2.16,2.68,1.49,1.96,1.39,1.07,2.38,1.24
20030218,0.26,0.62,-0.03,0.83,-0.37,1.16,4.27,1.87,1.19,-0.69,1.97,1.99,2.47,1.94,0.72,1.48,1.76,3.71,2.76,4.48,2.59,2.38,2.78,0.73,0.24,-1.32,-0.52,-0.53,1.49,1.33,1.13,2.36,1.64,3.19,3.8,3.15,2.28,1.44,2.5,1.67,2.04,1.42,-1.43,1.41,1.89,1.13,2.45,1.83
20030219,-0.06,-0.83,-0.7,-1,-1.2,-1.48,-1.14,-0.9,-0.97,-1.24,1.43,-0.38,-0.83,-1.48,-2.24,-1.41,-0.57,-1.15,-1.44,-1.39,-0.63,-0.57,-1.31,-0.07,0.24,1.57,1.69,0.47,-1.21,0,-0.48,-2.13,-1.65,-0.73,-1.11,-0.28,-1.45,-0.66,-1.12,-1.29,-0.51,-1.24,-0.67,-0.44,-0.27,-0.27,0.04,1.43
20030220,-1.65,-1.76,-0.68,-1.01,-1.28,1.22,-2.33,-0.79,-0.7,-0.33,-0.34,0.86,-1.33,-1.04,1.52,0.09,-0.55,-0.57,-1.2,-0.49,0.54,-0.24,-1.43,-1.79,-2.22,-3.52,2.51,0.51,-0.56,-0.43,0.5,-3.04,-0.5,-0.79,-0.19,0.12,0.49,-0.93,-1.08,-0.68,-0.59,-0.87,-0.7,-0.75,-0.77,0.05,-0.77,-0.31
20030221,-0.16,0.59,0.55,1.06,1.62,0.4,1.52,1.78,0.93,1.58,1.83,1.03,1.24,1.68,0.46,0.27,1.64,1.62,2,0.58,1.06,1.64,0.24,1.46,-0.05,-0.52,-3.14,0.69,7.27,1.87,0.89,1.38,1.39,1.35,1.7,-0.13,1.6,1.72,0.61,1.03,1.73,2,1.58,1.13,1.34,1.09,1.19,1.69
20030224,0.44,-1.48,-1.89,-1.69,-1.04,-1.69,-3.95,-2.71,-1.55,-2.46,-1.56,-1.93,-1.65,-2.27,-1.27,-1.13,-0.85,-1.77,-2.57,-1.92,-0.9,-2.02,-2.19,-3.29,-3.13,-2.2,-0.4,-2.01,2.69,0.57,-0.58,-1.78,-2.71,-2.49,-1.8,-1.27,-1.64,-1.74,-2.71,-2.67,-1.81,-2.13,-2.09,-2.11,-1.44,-1.13,-3.02,-1.76
20030225,0.11,0.69,-1.01,1.26,2.05,1.04,2.42,2.05,0.45,0.92,1,1.71,0.35,-0.77,0.22,1.59,0.84,1.52,0.83,1.52,0.08,0.56,0.32,-0.74,-0.87,1.97,-1.99,0.27,1.42,-0.14,0.83,0.93,1.16,0.58,-0.21,0.13,0.67,0.6,0.91,0.63,1.25,1.3,0.75,0.77,0.5,0.78,0.78,2.06
20030226,-0.9,-1.45,-2.2,-1.32,0.02,-0.17,-1.21,-1.44,-0.73,-1.29,0.23,-0.5,-0.66,0.48,-1.34,-1.48,-0.37,-1.05,-0.67,-1.89,-0.81,-0.83,-1.06,-1.62,-1.26,0.97,0.92,-0.18,-0.75,-0.15,-1.7,-1.41,-0.5,-1.7,-4.81,-2.35,-1.18,-0.6,-0.67,0.13,-1.43,-0.94,-1.5,-1.15,-0.99,-0.45,-1.09,-1.53
20030227,-0.28,0.55,2,0.79,1.61,1.52,3.16,0.7,0.29,2.15,0.9,0.6,1.82,0.3,0.66,1.49,-0.16,-0.36,1.13,1.51,0.96,1.11,1.61,0.89,-0.25,0.07,-1.86,0.16,0.23,-0.32,0.52,0.92,1.74,0.59,1.34,2.42,1.96,1.19,0.73,-0.21,0.6,0.8,2.57,1.37,1.41,1.04,2.3,2.04
20030228,1.01,-0.12,-1.06,-0.54,-0.06,0.02,3.55,0.97,-0.57,1.13,0,0.55,0.36,0.18,-1.26,0.02,-0.48,-0.04,0.33,1.18,0.52,0.02,-0.77,-0.79,-1.31,-0.32,1.8,-0.71,3.53,0.29,-0.01,0.46,1.32,0.5,1.57,2.52,0.32,-0.72,1.19,0.71,-1.02,0.22,1.24,0.42,-0.64,-0.15,1.13,0.54
20030303,0.2,-0.45,-1.73,-1.57,0.86,0.6,-1.04,-1.14,-0.93,-0.07,-0.51,-0.81,-0.84,-0.69,-2.66,-0.74,-0.69,0.29,-0.26,-0.31,-0.9,-0.32,-1.48,-0.92,-0.94,-0.19,-1.99,0.61,-1.83,0.72,0.61,-0.49,-0.63,-0.87,-1.18,-2.75,-1.95,-0.34,-0.87,0.89,-0.53,-0.96,-1.53,-0.54,-0.1,-0.32,-0.94,-0.58
20030304,-0.75,-1.2,-3.06,-1.95,-0.42,-2.48,-2.26,-2.98,-1.37,-1.89,-1.39,-0.37,-1.35,-2.55,-1.6,-1.98,-1.83,-4.97,-1.61,-2.4,-2.17,-1.65,-4.83,-1.16,-0.99,0.73,1.42,-2.1,1.08,-0.36,-0.67,-2.38,-1.53,-1.36,-1.25,-0.4,-1.04,-1.47,-0.97,-1.67,-1.47,-2.32,-1.69,-1.21,-1.05,-1.21,-2.03,-1.94
20030305,-0.36,-1.05,-9.1,-1.37,0.46,0.01,1.11,1.05,0.96,0.47,1.14,1.23,1.45,0.55,-2.66,-1.54,1.39,-0.95,0.57,0.83,0.35,0.5,0.54,-0.89,-2.53,-1.96,-0.67,-0.04,-0.24,1.33,0.9,1.11,0.56,0.31,0.76,1.39,0.72,0.26,-1.29,0.09,-1.1,0.76,-0.31,1.05,1.2,-0.02,0.91,1.54
20030306,-1.48,-0.49,-0.28,0.32,-4.15,-0.11,-0.02,-0.85,-1.1,-0.04,-0.49,-0.38,-0.22,-1.71,-0.53,-1.6,-0.71,-0.12,-2.31,-0.81,-1.04,-1.77,-1.44,-1.51,-2.44,-1.21,-0.01,-0.86,-0.63,-0.32,0.25,-1.96,-0.62,-0.74,-1.17,-1.03,-0.97,-1.14,-1.54,-0.67,-0.72,-0.4,-0.75,-1.25,-0.85,-0.87,-1.66,0.42
20030307,0.7,0.91,1.76,0.54,-3.6,0.21,2.65,0.87,0.9,3.02,0.81,-0.37,1.7,1.47,0.5,0.68,1,1.31,0.67,0.18,0.47,0.61,-0.75,-0.1,0.74,-2.28,-4.31,0.56,0.8,0.21,0.09,0.67,0.99,0.76,0.13,-1.47,0.71,0.58,0.79,1.35,0.04,1.49,1.74,0.86,0.85,-0.52,1.8,1.24
20030310,-1.33,-1.73,-1.09,-1.5,-0.78,-2.15,-1.66,-2.03,-1.56,-2.57,-2.33,-1.42,-1.93,-1.74,-1.69,-2.02,-1.77,-1.93,-2.36,-1.8,-2.44,-2.43,-2.28,-2.1,-1.31,-2.94,-3.29,-3.19,-0.82,-1.18,-1.82,-3.99,-2.31,-2.62,-2.28,-1.87,-2.2,-2,-3.03,-2.76,-2.63,-2.18,-2.06,-3.3,-2.29,-1.32,-3.53,-2.7
20030311,0.53,0.45,0.54,1.07,1.4,-1.52,-1.19,-0.47,0.59,0.38,-0.7,-0.58,-1.2,-0.69,0.28,-0.01,-0.02,-0.43,-1.35,-2.53,-1.26,-1.86,-3.36,-1.99,-1.97,-2.18,-1.98,-0.25,-0.18,-0.26,-0.45,-1.46,-0.1,-0.8,-0.43,-0.15,-1.31,-0.41,-0.16,-1.62,-0.12,-0.51,-0.07,-1.15,-1.48,-0.25,-2.49,-0.93
20030312,0.11,0.49,0.55,1.59,0.83,-0.1,-2.12,-0.49,1.28,0.24,-0.08,-0.53,0.53,0.21,0.31,-0.52,-0.5,1.17,-0.17,-0.43,-0.58,-0.57,2.43,-0.4,-1.52,0.82,-0.25,-0.24,-4.27,-1.56,0.4,1.05,0.02,1.35,-0.67,1.61,0.02,-0.03,0.51,0.35,-0.07,0.88,-0.46,0,-0.31,-0.14,-0.02,1.61
20030313,0.5,1.71,2.84,2.86,-0.02,4.31,2.67,3.68,2.39,2.8,1.9,0.44,1.62,4.78,3.26,4.09,3.08,4,4.34,1.79,4.22,4.74,3.96,3.77,0.4,4.19,-0.03,2.49,2.89,0.72,1.04,5.18,3.26,3.9,3.41,6.69,4.07,3.18,2.93,2.82,1.31,4.44,4.59,3.41,3.98,0.86,5.59,5.66
20030314,0.45,0.47,-0.48,0.72,-2.22,0.33,1.7,-0.22,-0.09,0.44,-1.36,-0.31,-0.85,0.24,1.2,0.44,-0.22,0.64,-0.07,0.34,-0.59,0.08,-2.03,2.34,0.03,4.44,1.94,0.73,-2.78,-0.16,0.4,1.21,0.65,0.37,-0.03,-0.81,0.06,0.5,0.03,0.53,-0.96,-0.02,1.81,-0.06,0.84,0.05,-0.28,1.54
20030317,2.62,3.18,1.74,2.56,-0.5,3.65,4.62,3.46,2.87,3.58,3.43,3.99,2.87,3.34,3.22,-1.28,2.77,2.4,3.37,2.97,4.36,4.32,4.7,4.35,6.6,3.77,0.06,1.72,1.11,1.29,1.87,4.21,3.18,4.25,5.3,4.97,4.48,2.99,3.83,2.76,4.23,4.91,3.5,2.7,3.39,1.11,5.15,2.58
20030318,1.14,-0.5,0.03,-0.27,-5.89,0.7,-1.27,-1.42,0.44,-1.57,0.94,0.01,1.16,2.3,0.49,0.89,0.09,-0.15,1.75,1.27,1.21,0.5,1.87,1.97,2.3,0.91,3.13,0.97,-0.19,1.18,0.94,-0.61,-0.06,0.29,0.62,1.26,1.86,0.83,0.88,1.26,1.43,0.33,1.37,0.29,-0.44,0.73,1.61,0.49
20030319,0.41,1.24,2.39,1.59,3.49,0.11,-0.21,0.27,1.41,0.52,-1.14,0.2,1.62,-0.25,2.43,0.46,0.37,1.53,0.5,-0.76,-0.25,0.04,0.21,0.24,1.14,2.02,-1.4,0.15,0.14,0.42,-0.17,0.65,0.98,-0.33,0.47,-1.38,-1.82,0.04,1.74,1.5,0.43,1.01,1.01,1.27,1.37,1.2,0.72,1.76
20030320,0.96,-0.56,-0.73,-0.93,1.19,0.8,1.03,0.88,0.28,1.88,-0.91,0.35,-0.13,0.02,0.93,2.61,-0.22,0.93,-0.03,0.17,1.16,-0.15,-0.01,-0.85,-1.9,-2.99,-2.38,-0.57,0.61,0.54,0.82,0.73,1.78,0.74,-0.3,0.48,0.64,0.1,-0.03,1.31,-0.18,0.56,0.03,0.29,0.17,0.69,0.86,-0.55
20030321,0.65,2.88,2.22,1.44,2.41,2.72,0.98,2.86,1.67,2.8,1,1.49,2.75,4.23,2.23,3.22,2.9,3.3,2.52,2.65,2.14,2.32,4.28,2.61,0.4,-3.16,-2.59,3.63,-0.04,-0.17,1.45,2.68,1.06,1.53,0.69,2.11,1.19,2.91,3.11,3.59,2.66,2.92,2.88,2.18,2.23,1.94,2.75,4.04
20030324,-2.4,-2.75,-2.88,-2.64,-4.05,-4.05,-4.39,-3.03,-2.18,-3.6,-1.67,-2.59,-3.13,-3.87,-3.46,-3.81,-3.39,-2.89,-4.09,-2.83,-3.6,-3.69,-4.1,-4.25,-0.33,2.21,-0.56,-3.53,-1.23,-1.66,-2.03,-4.44,-3.05,-3.82,-3.73,-4.37,-3.28,-3.21,-2.93,-3.52,-3.1,-4.1,-5.07,-3.08,-3.08,-1.36,-3.28,-4.44
20030325,1.53,0.72,0.79,0.19,-0.26,1.86,2.85,0.95,0.47,1.39,2.12,1.77,2.25,0.34,0.11,1.29,0.64,0.61,0.9,0.85,0.69,0.99,1.24,0.26,-0.78,-0.88,2.24,0.23,0.47,1.11,1.32,1.56,2.08,1.37,1.01,1.48,0.96,0.81,-0.06,1.26,2.24,1.86,0.94,0.64,0.53,0.35,0.9,1.07
20030326,-0.14,-0.77,-1.45,-0.68,-0.15,-0.52,0.24,-1.13,0.01,-0.95,0.31,-2.32,-0.9,0.19,-1.33,-1.59,-0.87,-1.03,-1.83,-0.69,-0.84,-1.07,-0.42,-1.61,-0.71,0.72,0.27,-0.8,-0.55,0.05,-0.88,-0.36,0.38,-0.47,-0.26,-0.74,-0.76,-1.08,-0.75,-0.29,-0.87,0.11,-0.06,-0.44,-0.73,-0.5,0.05,-1.27
20030327,-0.42,0.49,-1.06,0.05,-0.34,-0.07,0.66,-0.25,0.39,0.44,-0.05,0.42,0.69,-0.78,1.14,0.74,0.29,-0.02,-1.07,0.48,0.28,-0.79,-0.36,-1.04,0.5,2.14,-1.92,-1.54,0.04,0.71,0.58,-0.29,0.65,-0.46,-0.29,-0.95,0.56,-0.39,0.41,-0.72,-0.12,-0.48,0.43,-0.19,-0.54,-0.6,-0.57,-0.49
20030328,0.89,-1.82,-0.79,-0.27,-3.41,-0.76,-1.16,-0.52,0.11,-0.27,2.29,-0.05,0.13,-0.1,0.02,0.2,-0.28,0.18,0.71,-0.53,-0.96,-1.59,-0.82,-1.52,-0.16,1.99,7.79,2.71,2.69,0.62,0.08,-0.97,-1.24,-0.95,-1.13,-1.56,-0.59,-0.36,1.19,-0.53,0.02,-1.02,0.91,-0.22,-0.11,-0.42,-0.71,-1.34
20030331,0.15,-0.08,-2.91,-0.49,-6.26,0.41,-3.11,-1.33,-0.11,-1.13,-0.77,-1.33,-1.27,-1.46,-0.66,-0.68,-0.88,-1,-3.06,-2.07,-1.89,-1.43,-0.59,-2.31,-2.03,-1.19,-1.67,-1.24,-0.38,-1.93,-0.34,-2.22,-0.68,-1.88,-1.89,-4.02,-2.49,-0.92,-1,-1.34,-0.89,-1.5,-1.67,-1.96,-1.03,0.62,-2.75,-2.02
20030401,0.14,0.19,0.48,0.14,-5.77,-0.22,-0.52,0.73,0.31,-0.63,-0.88,1.23,1.66,1.11,1.17,2.65,1.49,1.86,0.62,0.56,1.04,1.06,0.68,2.2,0.44,0.2,-1.3,1.03,0.49,1.73,0.74,2.54,1.52,0.11,0.35,0.96,1.41,0.66,0.81,0.53,0.99,0.33,-1.66,2.11,1.68,0.23,2.22,2.12
20030402,1.06,1.19,4.07,2.12,5.2,2.06,2.64,2.2,1.39,2.6,0.14,0.57,1.86,2.41,3.49,3.41,3.09,3.79,2.35,1.37,3.65,3.14,4.12,2.64,1.14,-0.1,-2.42,2.5,-0.5,-0.18,0.24,3.13,1.99,3.98,3.79,4.57,3.53,2.38,2.67,2.65,2.55,3.35,3.07,2.35,3.24,0.99,4.09,3.48
20030403,0.08,-1.51,-1.15,-0.4,0.25,0.72,0.69,-0.67,-0.94,-0.11,0.38,-0.38,-0.5,-1.09,-0.42,-1.24,-1.24,-0.1,-0.71,0.64,-0.46,-0.62,0.54,-1.21,-1.16,0.32,-0.11,-0.66,-0.67,-1.7,-0.69,-2.01,-2.79,0.04,0.82,0.02,0.42,-0.42,-1.53,-1.64,-0.48,0.42,-1.14,-0.92,-0.55,0.4,-0.08,1.46
20030404,-0.19,0.25,0.73,1.53,-4.28,-0.06,1.48,0.01,0.32,-0.37,-2.62,-1.55,0.86,0.75,-0.06,-1.48,0.17,-0.95,-0.26,-0.19,-0.57,-0.77,-0.2,0.72,-1.51,-2.54,1.59,0.27,0.29,0.82,1.08,-0.21,-0.87,-1.57,-0.15,-2.09,-2.05,-0.05,-0.03,0.81,-0.18,0.78,0.58,0.95,0.93,1.05,0.33,0.36
20030407,1.58,0.51,-0.41,-0.59,2.4,0.32,3.7,0.94,-0.18,0.48,-0.36,-0.14,-1.2,0.5,1.05,2.56,-0.15,1.15,4.3,-0.12,0.94,0.79,1.22,1.8,1.03,-2.33,-1.41,1.21,-0.56,-1.07,-0.3,0.64,1.29,0.72,-0.2,1.14,0.34,0.25,0.73,1.43,0.41,0.26,3.41,-0.12,0.56,0.39,0.59,0.44
20030408,0.27,0.6,0.33,0.52,3.25,0.52,1.17,0.03,0.58,-0.46,-0.57,1.31,-0.03,-1.27,-0.3,-0.47,-0.26,-0.13,-0.43,-0.18,-0.83,-0.75,-1.08,-0.46,0.07,-0.86,-0.08,0.43,-2.27,-1.14,-0.19,-0.98,-0.51,-0.13,-1.36,-2.71,-0.74,0,-0.54,-0.92,-0.9,-0.1,0.31,0.52,-0.26,-0.29,-0.35,0.8
20030409,-1.01,-0.26,-1.18,-1.32,0.91,-1.99,-0.25,-1.69,-0.45,-1.02,-0.63,0.06,-1.45,-1.78,-1.25,-0.87,-0.83,0.29,-0.84,-0.46,-0.92,-1.22,-0.2,0.43,-1.78,0.36,3.15,-0.29,0.2,-0.03,-0.14,-1.39,-0.3,-2.49,-1.86,-1.77,-1.53,-1.51,-1.34,-0.59,-1.71,-1.71,-1.29,-1.42,-0.78,0.02,-1.56,-2.43
20030410,0.95,0.17,0.15,0.18,-0.45,0.03,0.38,1.39,-0.16,1.41,-2.05,0.82,-0.14,1.04,0.47,0.34,0.73,0.99,0.17,-0.55,1,0.88,-0.1,-0.75,-0.04,-1.44,-0.65,0.15,1.61,0.9,0.52,0.28,1.48,0.51,0.67,0.69,0.59,0.4,0.04,0.29,0.33,1.9,0.94,0.88,0.18,0.01,0.55,0.21
20030411,-0.33,0.39,-0.54,0.11,1.45,-0.02,-1.48,0.47,0.31,-0.32,1.35,-0.81,-0.75,-0.29,0.23,0.29,0.17,-0.4,-0.52,0.02,-0.65,-0.46,0.4,-1.19,0.04,-1.3,0.64,-0.02,-0.74,-0.7,-0.3,-0.31,0.02,-0.45,0.01,-0.91,-0.93,0.03,-0.23,0.29,-0.17,-1.16,0.26,0.14,0.13,0.55,-0.24,-0.1
20030414,1.07,1.51,1.59,1.98,2.79,1.3,2.02,2.8,1.36,1.62,1.37,0.83,1.82,1.87,1.58,2.55,1.27,1.37,2.68,1.35,1.28,2.2,3.74,2.57,2.6,1.01,0.04,0.56,1.49,0.93,1.17,2.53,1.41,1.98,2.13,2.46,1.63,1.11,1.74,1.45,1.71,2.02,1.21,2.04,1.81,0.45,3.11,1.55
20030415,-0.01,-0.28,2.11,0.13,2.88,0.83,-0.24,0.64,0.34,1.33,-8.42,0.13,-0.3,1.6,0.4,-0.19,-0.25,0.79,1.7,1.11,-0.57,0.82,-0.5,1.07,0.76,0.07,1.83,0.89,-0.15,0.05,1.16,-0.38,0.62,0.77,-0.14,0.48,0.82,-0.01,-0.1,2.1,0.15,1.46,1.03,1.67,0.49,-0.43,1.79,1.83
20030416,-2.27,-1.58,-1.89,-4.6,-2.25,-0.01,-1.12,-1.51,-1.11,-2.22,-3.72,-2.28,-2.13,-1.43,-1.97,-1.13,-1.04,-0.46,-0.94,0.12,-0.2,-1.2,2,-1.56,3.26,-0.38,2.03,-1.22,-0.16,-0.94,-0.28,-2.52,-3.25,0.23,1.16,3.4,0.04,-2.29,-1.09,-1.01,-1.1,-2.1,-1.15,-1.41,-1.28,0.3,-1,-1.68
20030417,1.78,3.05,0.93,1.41,1.38,-3.56,1.39,1.02,0.05,1,2.72,1.11,0.82,1.47,2.24,3.29,1.46,0.72,2.11,1.58,3.1,2.74,1.3,-0.95,2.2,2.16,0.35,-0.23,1.55,1.41,0.77,1.57,2.37,2.29,1.25,2.82,2.28,0.55,-0.07,1.55,0.53,1.9,1.77,1.38,1.43,0.61,1.32,2.14
20030421,-1.24,-1.07,-0.66,-0.66,0.58,2.07,1.73,-0.4,0.22,-0.17,-1.47,0.18,0.56,0.06,0.06,-0.01,-0.2,-0.33,0.87,0.5,0.35,0.28,1.77,0.67,1.35,0,2.31,-0.14,0.41,0.11,0.3,-0.79,-1.12,-0.55,0.7,0.31,1.07,-0.05,-1.09,-1.04,-0.4,-0.45,0.15,-0.31,0.14,-0.11,-0.27,-1
20030422,1.78,1.35,2.02,0.67,0.98,1.87,2.51,1.93,1.81,2.69,2.03,1.69,1.9,1.63,2.19,2.09,1.38,2.7,0.58,0.18,2.38,2.07,3.66,2.5,2.6,6.84,0.5,0.75,0.1,1.21,1.17,1.84,1.4,2.19,2.03,2.22,2.38,2.37,1.23,2.05,2.09,1.72,-0.01,2.47,3.03,1.26,3.06,2.94
20030423,0,0.35,-1.17,-0.21,0.86,0.12,3.28,0.4,-0.29,0.86,0.26,1.56,1.34,1,-0.16,-1.56,0.16,1.12,-0.41,0.28,0.03,0.64,2.35,0,0.53,0.19,-0.36,0.7,0.57,-0.31,0.08,5.75,3.54,0.61,0.74,1.61,0.99,-0.03,0.19,0.38,-2.06,-0.07,-1.12,0.84,0.68,0.8,1.31,1.12
20030424,-4.42,-0.49,0.31,-0.73,-0.12,-0.3,-1.13,-1.22,-0.71,-1.29,0.81,0.15,0.74,0.09,-0.92,-1.02,-0.79,-0.47,-2.25,0.41,-1.17,-0.39,-2.09,-0.82,0.22,0.92,-3.04,-1.61,-0.18,-0.54,1.05,-1.09,-1.86,-0.72,-0.8,-1.53,-1.36,-0.98,1.05,0.18,-0.03,-1.23,0.63,-1.41,-2.45,-0.68,-1.81,-0.9
20030425,-0.47,-1.55,-0.82,-0.7,-5.96,-1.26,-2.78,-1.05,-1,-1.31,0.63,-0.12,-1.81,-2.04,-0.56,-0.83,-1.46,-1.99,-1.16,-1.67,-2.13,-1.93,-2.57,-1.37,-0.97,0.38,-0.27,-2.07,-0.14,-0.97,-0.58,-1.45,-1.36,-1.4,-1.44,-3.78,-1.87,-1.1,-1.01,-0.4,0.02,-0.54,-1.08,-0.9,-1.24,0.1,-1.95,-0.12
20030428,1.93,1.36,2.37,2.07,0.53,0.82,2.13,2.18,1.85,3.11,0.44,1.04,1.23,2.43,1.14,3.26,1.99,2.1,1.64,2.89,1.86,1.88,2.16,1.19,1.3,2.13,-0.68,1.38,0.27,0.89,1.47,2.8,2.68,1.99,2.53,2.21,2.68,2.15,1.82,2.07,1.72,2.15,3.32,1.68,1.72,0.68,1.25,1.54
20030429,-0.72,0.48,0.81,1.64,-1.04,0.81,0.8,0.68,0.36,0.97,1.41,0.04,0.55,0.77,-1.43,0.33,-0.54,0.39,-0.44,0.16,0.4,0.51,0.38,1.04,0.1,-0.3,-0.73,1.96,0.13,-1.7,-0.27,0.61,0.54,0.45,1.56,1.52,1.35,0.16,-1.17,0.09,1.26,1.09,0.94,0.05,-0.12,0.94,-0.21,-0.16
20030430,-1.23,-0.55,-0.51,-0.89,-0.05,0.36,0,-0.86,-0.61,-0.69,1.78,-0.14,0.11,0.83,1.43,0.18,0.25,0.46,0.92,0.64,0.13,0.69,0.16,-0.04,-0.81,-0.34,2.6,2.7,0.58,0.73,0.19,0.76,0.71,-0.29,-1.17,-1.54,0.31,-0.42,-0.14,0.14,0.97,-0.51,-0.91,0.23,0.89,0.15,0.16,0.32
20030501,0.88,0.31,0.02,0.14,-0.97,-0.76,-0.87,-0.49,-0.25,-1.18,0.41,-0.33,0.67,-0.83,-2,-1.22,-0.84,-1.46,-0.18,0.47,-0.39,-0.41,-1.27,-0.24,-2.61,-2.21,2.59,1.32,-0.71,0.56,-1.21,-0.17,-0.5,0.61,0.75,0.59,0.3,-0.83,-0.65,-0.16,-0.47,-0.67,-0.13,0,0.14,-0.01,-0.28,-1.09
20030502,2.65,-0.02,-0.59,0.9,1.61,0.99,0.24,0.88,0.67,1.36,1.99,1.72,1.39,1.56,0.7,1.65,1.29,1.53,1.5,0.79,1.89,2.35,1.55,3.27,2.25,2.62,0.23,1.23,2.92,1.83,0.75,1.86,2.23,2.37,1.7,2.74,2.64,1.36,1.13,2.25,1.82,1.56,2.08,1.73,0.94,0.63,2.41,0.33
20030505,0.48,-0.22,-0.29,-0.92,-0.09,1.02,-0.2,-0.58,-0.01,-1.36,0.47,-0.26,-0.24,-0.35,0.62,0.34,1.98,-0.23,0.68,-0.48,0.1,-0.15,0.03,-1.72,-0.3,-1.17,1.64,-0.51,2.04,-0.29,0.43,-1.65,-0.58,-0.55,1.14,1,0.35,-0.48,0.26,0.26,-0.14,-0.25,0.27,-0.36,0.55,0.6,-0.49,-0.73
20030506,-0.29,0.47,0.5,0.91,0.28,1.82,-0.19,0.32,-0.15,2.2,0.3,0.17,0.06,0.26,-0.03,0.86,-0.61,0.51,1.05,1.46,1.23,1.02,1.19,1.55,0.87,0.65,1.36,0.85,2.35,-0.41,-0.01,1.24,0.47,1.4,2.59,1.88,-0.21,-0.1,0.84,0.57,0.66,1.32,2.02,0.94,0.34,0.55,1.18,0.87
20030507,0.39,0.05,0.08,3.65,1.01,-0.61,0.68,0,0.01,-0.38,-0.56,-0.85,-0.48,-0.89,0.42,0.28,1.47,2.16,-0.27,-0.32,-0.56,-2.85,-0.4,0.38,-0.38,-1.26,-1.34,-0.5,-0.17,0.78,-0.14,-0.82,-1,-1,-1.12,-2.15,-1.02,-0.19,0.24,-1.04,0.04,-0.8,-1.49,-0.19,-0.84,0.52,0.22,-0.86
20030508,-0.19,-0.55,-1.45,-0.57,-1.07,-0.07,-1.16,-0.85,-0.92,-1.05,-0.59,-0.85,-0.58,-1.13,-0.55,-0.41,-0.7,0.18,-1.18,0.04,-1.26,-1.21,-0.91,-0.78,-1.65,-1.31,1.89,0.08,0.31,0.08,-0.17,-1.64,-1.35,-1.04,-1.24,-1.65,-0.8,-0.23,-0.51,-0.9,-1,-0.34,-1.07,-1.5,-1.42,0.41,-2.32,-1.19
20030509,3.73,1.39,3.4,2.17,2.04,0.85,-0.42,1.18,0.27,0.69,1.84,0.72,1.03,1.63,-0.28,0.26,0.88,1.69,2.33,1.32,1.99,1.76,0.52,2.57,1.58,0.59,-0.46,1.3,4.48,0.87,0.75,2.11,1.03,1.82,2.73,3.62,2.52,1.06,2.52,1.2,1.84,1.23,1.55,0.77,0.87,0.17,1.2,1.88
20030512,-0.5,0.34,-0.48,0.77,4.05,1.69,1.67,1.11,0.06,1.52,0.74,2.71,1.07,1.4,-0.41,1.12,1.27,2.7,1.02,1.87,1.8,0.84,1.43,2.77,2.21,0.12,0.58,1.95,2.46,0.44,0.4,1.82,2.08,0.72,3.08,1.64,1.7,0.97,0.52,1.24,0.78,1.9,2.23,1.16,1.22,1.02,1.41,0.18
20030513,-0.96,-0.27,0.28,-0.28,0.21,-0.66,0.64,0.39,-0.71,-0.08,0.37,-0.61,0.02,-0.41,-0.82,0.47,-0.44,0.03,-0.05,-1.2,-0.77,0.05,-0.21,-0.21,-0.19,1.15,-2.29,0.43,-0.79,0.74,0.13,-0.58,-1.31,0.17,0.22,-0.21,-0.76,-0.69,-1.44,-0.34,-0.05,-0.78,-0.42,0.05,-0.56,-0.42,-0.67,-1.16
20030514,0.12,-0.18,-0.58,0.09,0.82,-1.11,-0.77,-0.08,0.32,-1.07,1.61,-0.12,0.28,-0.54,-0.08,0.05,0.53,-0.67,-0.53,-0.02,-0.73,-0.76,-0.31,0.62,0.71,0.05,1.71,-0.79,0.6,-0.29,0.52,-0.04,-0.02,-0.42,-0.26,-0.2,-0.11,0.03,0.13,-0.63,-0.18,-1.77,0.43,-0.44,0.42,0.28,-0.35,0.15
20030515,2.74,0.41,0.12,0.79,0.85,0.25,2.44,1.47,1.05,0.18,-0.07,1.29,0.76,0.02,0.28,-0.8,1.42,0.96,0.64,0.66,0.72,0.85,-0.57,1.09,2.68,-0.25,0.12,0.58,3.18,0.3,1.6,0.42,1.19,1.41,0.67,1.48,1.22,1.48,1.36,0,1.12,-0.53,0.63,0.69,0.49,1.2,2.21,-0.21
20030516,-0.83,-0.83,-0.43,-0.96,-1.05,-0.35,0.88,-0.83,0.11,-1.27,0.45,-0.7,-0.47,-0.73,-1.14,-2.11,-0.39,-1.66,-0.12,-1.83,-1.02,-0.5,-1.15,0.18,-0.38,-0.69,0.46,0.81,-1.77,0.28,1.57,0.51,-1.63,-0.7,-0.4,-1.16,-1.37,-0.63,0.27,-0.28,0.01,-0.98,-0.51,0.07,0.55,0.58,-0.47,-1.72
20030519,-1.3,-0.12,-2.31,0.24,0.58,-1.74,-3.14,-1.51,-0.71,-2.22,-1.13,-1.17,-2.83,-2.23,-1.62,-1.61,-1.59,-2.14,-2.6,-2.71,-2.65,-1.46,-2.33,-2.87,-2.26,-2.65,1.91,-0.97,-0.11,-1.29,-1.36,-2.68,-2.77,-3.11,-3.98,-4.08,-3.12,-1.73,-1.8,-2.2,-2.35,-2.55,-1.68,-2.1,-1.91,-0.8,-3.42,-1.21
20030520,-0.45,0.25,0.05,0.66,3.8,-2.03,-0.62,0.31,-0.11,0.11,0.13,-0.83,-1.7,0.25,1.16,-1.97,-0.05,0.65,0.35,-0.43,-0.02,-0.02,-0.88,-1.2,-0.23,-0.69,0.06,0.89,-1.14,0.28,0.55,0.09,-0.04,-0.35,0.03,-0.12,1.28,-0.16,-0.48,0.07,-0.13,0.91,-2.95,0.09,-0.11,0.9,-0.31,0.45
20030521,-0.43,0.69,0.07,-0.75,9.08,-0.67,-0.03,0.25,-0.07,0.08,0.04,1.63,0.59,-0.11,-0.33,-1.14,0.28,0.32,1.31,-0.76,0.15,0.76,0.23,0.09,-0.62,-0.02,2.46,1.07,3.3,2.3,0.06,0.58,0.93,-0.4,0.06,0.65,0.29,0.11,0.17,-0.07,0.53,-0.05,0.78,0.41,0.3,0.5,0.86,-0.49
20030522,0.02,1.15,0.33,0.82,6.75,0.83,3.55,0.83,0.7,1.07,0.34,1.52,1.32,0.23,0.49,0.87,0.94,3.89,1.9,-0.09,1.07,0.95,0.75,1.16,1.42,0.65,-1.56,0.29,-2.28,0.13,1.54,1.94,0.6,1.18,1.33,0.54,2.29,1.24,-0.33,0.54,0.93,1.34,0.72,-0.01,0.36,0.35,0.56,0.63
20030523,-0.27,0.26,-1.75,-0.17,2.97,0.3,1.65,0.24,-0.17,-0.35,-0.21,0.21,0.1,0.15,-0.27,0.21,-0.11,1.99,0.69,0.33,-0.09,0.24,-0.8,0.87,1.46,0.43,0.09,1.16,1.64,0.57,3.84,1.18,-0.23,0.09,-0.47,0.38,0.62,-0.64,-0.7,0.61,0.15,-0.95,0.7,0.54,-0.09,0.42,0.2,-0.11
20030527,2.35,0.94,0.07,0.67,-0.52,1.34,1.86,1.18,1.35,2.82,1.74,1.13,2,1.89,2.48,1.9,1.18,0.38,2.89,1.69,2.79,2.52,3.99,2.2,0.11,0.88,0.98,3.33,0.19,2.03,1.38,1.33,2.46,2.73,2.58,4.6,3.33,1.96,0.57,1.45,1.47,1.81,1.13,1.84,1.27,0.32,2.9,2.33
20030528,1.31,-0.36,0.52,-0.7,-1.6,-1.1,-0.51,0.28,0.57,0.75,1.38,-0.79,-0.24,-0.14,-0.73,2.65,0.37,2.68,-0.34,0.6,-0.23,0.3,0.51,0.71,0.32,-2.67,-2.85,-0.29,0.64,-0.91,-0.52,-0.46,0.8,0.28,1.65,0.28,0.95,-0.53,-1.1,-0.22,-0.33,1.37,1.58,0.94,0.16,0.25,1.87,-0.12
20030529,0,0.14,1.43,0.93,0.03,0.69,-0.37,0.18,-0.57,0.05,-0.39,0.05,-1.05,-0.98,-0.53,0.27,0.06,-0.45,0.48,0.57,-0.82,-0.18,-0.48,-0.91,0.72,-0.69,1.75,0.09,2.45,-1.16,-1.62,0.04,0.28,-0.28,0.85,3.05,0.9,-0.65,-0.22,0.22,0.09,-0.51,0.54,-0.66,-0.61,-0.23,-0.06,-0.01
20030530,2.37,1.56,-0.59,1.46,0.18,1.87,2.26,1.63,1.43,2.23,0.51,1.49,1.52,1.88,2.19,2.22,1.84,2.47,2.98,2.21,2.98,2.81,3.06,2.11,1.96,-0.27,0.52,0.86,3.6,1.7,1.36,1.14,1.84,1.13,1,1.04,3.01,1.54,1.15,2.11,1.95,1.39,1.88,1.76,1.91,2.23,2.14,1.59
20030602,-0.58,0.09,1.21,0.6,1.92,0.6,1.26,0.92,-0.08,1.51,0.32,-0.89,-0.42,0.46,0.86,2.01,-0.29,0.14,1.76,1.35,0.28,0.03,2.81,2.04,1.16,0.49,1.89,2.51,-2.16,0.66,0.69,1.43,1.1,-0.26,0.53,-1.47,0.16,0.01,1.14,0.73,0.56,0.52,0.33,0.63,0.42,-0.3,1.57,0.87
20030603,0.23,0.44,-0.99,0.39,1.47,-0.53,-1.33,-0.37,0.45,-0.9,-0.63,0.76,0.96,-0.03,-0.82,-0.15,0,0.64,-0.9,-0.46,0.88,0.57,-1,0.43,-0.3,-1.63,-0.88,-0.42,0.34,0.75,0.43,-0.08,0.04,-0.2,0.66,1.71,1.31,0.46,-0.5,-0.34,-0.27,0.69,0.02,0.94,-0.53,-0.09,-0.05,0.03
20030604,1.6,1.02,0.82,0.8,1.1,1.58,2.36,0.36,0.46,1.67,-0.84,1.83,1.67,1.43,1.44,2.22,0.63,3.22,3.45,1.54,2.5,2.16,0.64,2.17,1.88,-0.31,1.97,1.09,2.04,0.9,1.24,1.89,2.18,1.78,2.47,2.27,2.5,1.02,-0.09,1.36,1.57,1.35,0.58,1.72,0.89,0.8,2.31,1.33
20030605,0.79,-0.03,0.22,0.07,0.31,-0.13,-0.15,-0.65,-0.32,0.69,-1.05,1.31,2.03,-0.29,0.43,1.92,0.93,2.34,0.51,-0.81,1.04,0.77,1.23,0.84,-0.47,-0.58,3.55,1.73,1.2,-0.35,-1,0.59,0.28,-1.07,1.27,1.24,0.83,-0.16,-0.57,-0.35,1.08,1.05,0.88,0.57,0.25,0.06,1.57,1.27
20030606,-2.03,-0.09,1.45,0.15,0.4,-1.18,-0.83,-1.55,-0.49,-1.51,0.18,-0.4,0.2,-0.39,-1.11,-1.95,-0.36,-2.77,-0.12,0.29,-0.55,-0.25,0.25,1.3,0.66,1.88,0.96,-0.07,0.04,-0.18,-0.81,-0.94,-1.06,-0.86,-0.42,-1.26,-0.64,0.03,-0.92,-0.81,1.76,-1.04,2.98,-0.24,0.01,-0.19,0.48,1.24
20030609,-0.47,-0.62,-1.25,-0.11,-1.06,-1.77,-1.93,-0.6,-0.57,-0.98,-0.06,-1.35,-1.19,-1.34,-0.8,-3,-0.97,-2.84,-1.78,-1.98,-1.65,-1.99,-1.74,-3.15,-1.98,0.17,0.84,-2.31,0.07,-0.15,-0.51,-1.9,-1.85,-0.69,-1.24,-2.19,-2.32,-0.61,-0.09,-0.98,-1.97,-0.97,-1.14,-2.28,-1.38,-0.19,-1.98,-0.57
20030610,0.45,0.12,-0.93,-0.12,1.77,0.99,1.04,1.03,0,1.41,1.15,0.96,0.69,0.95,0.66,0.22,0.43,2.76,1.36,0.93,0.36,0.71,2.47,2.09,2.38,0.21,-3.26,1.71,1.54,0.57,0.38,0.68,0.86,1.76,0.78,1.35,0.63,0.48,-0.37,0.57,0.69,1.28,1.74,0.95,0.81,1.1,1.57,1.33
20030611,-0.22,0.93,-0.19,0.77,1.17,0.78,3.29,0.1,0.32,0.51,0.54,2.88,1.59,0.31,0.57,1.79,0.63,5.21,1.48,5.35,1.7,1.44,2.24,2.68,3.97,3.35,0.06,2.18,3.76,2.47,0.68,1.41,1.52,1.49,0.21,-0.29,1.05,1.55,1.49,1.11,0.76,1.09,0.2,1.39,1.51,1.97,2.04,1.34
20030612,0.1,0.39,4.84,0.78,-1.75,0.94,0.92,-0.27,0.63,0.12,-0.84,-0.45,0.26,0.73,1.34,1.13,0.06,-0.5,0.07,0.17,-0.03,-0.13,0.52,0.54,1.55,0.78,0.52,0.88,-0.1,-0.64,1.01,0.89,-0.64,0.24,1.04,0.15,-0.21,0.6,1.65,0.63,0.14,-0.3,-0.33,-0.31,0.01,1.05,0.18,0.55
20030613,-1.88,0.04,-0.75,0.06,-1.69,1.56,-0.79,-0.53,0.12,-1.37,-1.42,-0.73,-0.63,-0.9,-1.21,-1.78,-0.56,-0.5,-2.17,-1.6,-1.75,-2.03,-3.3,-0.72,-1.48,-1.17,1.31,-0.84,-3.47,-1.19,-1.25,-1.68,-0.38,-1.28,-2.08,-3.26,-1.75,-1.44,-0.08,-1.26,-0.6,-1.32,-0.78,-0.23,0.08,-0.45,-1.14,-1.31
20030616,2.76,1.58,1.19,1.5,1.59,0.54,1.72,2.06,1.56,2.24,2.52,1.79,3.17,1.89,1.83,2.09,1.2,3.2,1.95,1.63,2.09,2.26,2.26,2.41,1.78,1.61,1.15,2.39,0.05,0.2,1.85,1.86,3.44,2.45,2.64,1.99,2.46,1.96,1.94,1.6,2.62,2.4,2.01,2.17,2.11,1.69,2.54,2.06
20030617,-0.25,-0.7,-2.41,-1.58,0.35,0.47,0.32,-0.02,-0.75,-0.67,1.39,0.52,2.04,0.23,0.25,-0.19,-0.53,-0.85,1.26,0.54,0.31,-0.17,2.65,-0.51,3.35,0.78,4.23,1.27,-0.97,-1.29,-0.23,-0.23,-0.4,0.67,0.19,-0.41,0.85,-0.31,0.11,-0.66,0.03,-0.23,0.86,-0.3,0.06,-1.11,0.46,-0.5
20030618,0.52,-0.06,1.08,-0.16,2.65,-1.45,0.84,-1.31,-1,0.27,0.31,-0.92,-0.7,-0.82,-0.34,-3.68,-0.18,-1.47,-0.25,-0.06,-0.27,-0.32,-0.94,0.3,1.04,1.13,-0.43,0.1,1.55,-0.47,0.33,0.21,1.27,0.57,2.04,2.06,1.15,-0.19,0.41,-0.13,-0.09,-0.25,-0.58,-0.65,-0.3,-0.74,-2.48,-1.31
20030619,-0.02,-1.19,-0.64,-1.97,-1.18,-0.55,-1.75,-0.96,-0.95,-0.58,-1.23,-2.59,-2.19,-0.9,-0.02,1.1,-1.59,-0.49,-0.73,0.24,-0.86,-0.84,-1.69,-1.87,-3.62,-1,0.53,-2.93,-0.54,-0.32,0.06,-1.16,-1.98,-1.01,-1.45,-0.91,-2.3,-0.48,-1.13,-1.15,-1.22,-1.27,-0.88,-1.82,-2.1,-0.85,-3.67,-2.45
20030620,-0.21,-0.14,-0.36,-0.07,-1.42,-0.18,-0.12,-0.24,0.47,0.09,0.92,-0.08,0.76,-0.4,-0.22,-3.18,-0.36,-3.94,-0.76,-2.07,-0.08,0.04,1.17,0.75,2.87,-0.86,-0.93,-1.58,-3.8,-0.21,-0.04,1.27,0.04,0.03,-1.22,-1.29,-0.38,-0.26,0.17,-0.07,0.56,-0.23,0.59,0.19,0.09,-0.04,0.3,0.27
20030623,-2.01,-0.79,-1.55,-0.04,1.72,-1.85,-1.56,-0.87,-0.38,-1.92,-5.6,-1.02,-1.89,-1.88,-1.58,-0.86,-1.07,-0.03,-4.02,-2.28,-1.15,-1.88,-2.25,-2.98,-3.09,-0.93,-2.87,-1.62,-1.09,-0.06,-1.03,-1.69,-1.68,-2,-2.65,-2.48,-2.34,-1.28,-2.14,-1.6,-2.18,-1.39,-0.14,-1.69,-0.83,-1.2,-2.11,-0.75
20030624,2.08,0.27,-0.27,0.7,2.55,-1.61,-0.35,0.24,0.66,0.71,-0.02,0.22,0.12,0.24,0.47,1.96,0.65,0.98,-0.4,-1.9,-0.33,0.06,-0.42,0.64,-0.69,0.51,-2.49,1.31,0.76,-0.07,-0.63,0.51,1.84,-0.27,-1.25,-0.55,-0.75,0.59,3.58,-0.26,0.52,1.1,0.68,0.41,0.49,1.01,1.13,0.23
20030625,-2.22,-0.87,-0.86,-1.02,-2.38,-0.38,-0.04,-0.21,-1.42,-0.5,-0.22,0.23,-0.55,-0.36,-0.93,-0.94,-1.16,-1.85,-0.2,-1.31,-0.01,-0.76,-0.61,-0.56,0.55,-0.67,1.12,-1.07,0.51,-0.06,-0.07,-1.19,-0.45,-1.01,0.08,-0.56,0.37,-0.94,-0.64,-0.8,-0.42,-0.28,-0.76,-0.33,-1.23,-0.51,-0.13,-1.76
20030626,1.3,0.47,-0.28,0.78,1.8,1,3,0.42,-0.04,0.68,1.16,2.04,1.63,1.4,-0.07,1.09,0.9,2.23,1.72,0,0.98,1.8,0.26,-0.12,0.58,-0.4,0.15,0.78,0.61,-0.4,0.59,1.31,0.66,1.72,1.68,2.55,1.89,0.69,1.24,2.39,1.8,0.92,0.82,0.89,0.68,0.78,0.37,0.33
20030627,-1.05,-0.5,-1.52,-0.61,0.69,-0.64,-0.38,0.39,-1.08,-2.15,-0.28,-0.59,-1.77,-1.29,-0.41,-1.09,-0.2,-1.26,-0.31,0.3,-0.64,-0.9,-0.74,-0.46,-1.41,-0.67,0.8,-0.65,1.16,-0.6,-0.85,-1.04,-0.43,-0.66,-0.93,-0.78,-0.2,-0.93,-0.11,0.15,-0.59,-0.59,0.09,-0.65,-0.54,-0.16,-1.41,-1.6
20030630,1.01,0.65,-0.99,-0.05,0.62,-0.62,1.16,0.39,-0.11,0.42,0.36,-0.34,-0.77,-0.1,0.78,-0.77,0.16,-1.93,0.47,-1.04,-0.18,-0.52,-0.28,0.38,-0.57,0.01,0.23,0.31,-0.48,-0.74,0.19,-0.1,0.78,-0.4,0.29,0.38,-0.01,0.12,-0.19,-0.04,-0.18,0.33,-0.37,-0.29,-0.79,-0.49,0.24,0.21
20030701,-0.2,0.47,2.59,0.23,1.48,2.64,0.04,0.1,0.56,0.87,-0.29,0.15,0.65,-0.09,0.19,1.54,0.43,1.38,-0.12,-0.56,-0.02,0.08,-0.64,0.75,1.52,1.65,2.94,0,-0.63,0.21,-0.31,0.64,1.84,1.22,1.04,1.62,0.78,0.24,-1.08,0.43,0.31,0.49,0.11,1.32,0.65,-0.18,2.26,-0.09
20030702,1.64,0.73,-0.87,0.01,0.94,1.12,1.44,1.21,0.47,0.93,1.72,0.32,1.03,1.14,0.77,1.14,1.61,1.52,1.61,1.92,1.2,1.67,1.51,1.24,0.19,0.72,0.69,1.38,0.19,0.13,0.65,1.43,1.76,1.91,2.78,3.33,1.79,1.03,1.11,0.64,1.6,1.29,2.04,1.07,1.57,0.42,0.84,0.31
20030703,-0.7,-0.85,-1.16,-0.36,-0.91,0.03,-0.53,-0.36,-0.27,-0.55,0.09,-0.41,-0.52,-1.02,-0.3,0.06,-0.7,-0.58,-0.84,-0.86,-0.67,-0.42,-0.24,-0.99,-1.02,-0.79,-1.47,-0.63,0.01,-0.39,-0.81,-0.78,-0.67,-0.95,-1.3,-1.49,-0.95,-0.66,-1.12,-0.93,-0.54,-0.88,-0.44,-0.72,-0.6,-0.23,0.04,-0.2
20030707,0.27,1,0.43,-1.8,1.55,0.38,2.13,0.84,0.92,2.66,1.93,0.66,1.27,1.69,0.65,2.03,1.28,2.29,1.84,0.48,2.52,2.47,1.81,1.81,1.72,-0.6,-0.35,2.38,-0.25,-0.39,0.23,2.41,0.97,2.77,3.85,5.16,3.95,1.5,1.79,2.67,1.73,2.31,1.17,1.8,1.5,1.86,3.03,2.31
20030708,0.61,0.47,4.67,-1.29,-0.15,0.16,0.25,-0.04,-0.51,1.83,0.95,0.33,-0.07,-0.08,0.66,0.66,0,1.09,1.44,0.84,0.92,1.24,1.92,0.58,2,-0.09,-1.27,0.13,-1.05,-0.48,-0.57,-0.03,1.3,1.23,1.45,1.25,0.85,0.04,1.58,1.18,0.98,1.84,0.5,0.59,0.23,0.7,1.92,-1.07
20030709,-0.84,-1.01,0.53,-0.53,-5.57,0.08,-0.06,-0.73,-1.14,-0.59,0.43,-0.83,-0.39,-0.03,0.38,-1.72,-0.6,-0.62,-0.07,1.6,-0.19,-0.59,-0.66,-0.27,0.14,-0.25,0.96,0.13,-0.71,0.6,-0.82,-0.83,-0.47,-0.32,0.31,1.56,0.45,-0.62,-0.88,-0.36,-0.25,-1.31,-0.21,-0.01,-0.1,0.3,-0.11,-1.27
20030710,-1.19,1.46,-0.23,0.33,-1.67,-0.96,-1.82,-0.85,-0.02,-1.23,-0.93,0.3,-1,-1.47,-0.8,-1.44,-0.79,-1.91,-2.12,-0.34,-1.44,-1.61,-0.97,-1.44,-1.62,1.44,0.19,-0.54,-1.96,-1.32,-1.83,-1.89,-0.22,-2,-2.06,-2.79,-1.69,-1.05,-4.61,-0.9,-1.98,-1.17,-1.85,-1.02,-1.46,-2.06,-2.46,-0.85
20030711,-0.6,0.82,1.73,-0.21,-2.91,0.9,0.94,0.4,0.3,1.06,0.46,1.33,0.98,0.71,0.39,0.66,0.65,0.03,1.11,0,0.83,1.32,0.91,1.32,-0.63,1.48,0.36,-0.16,-0.84,0.59,0.65,1.31,0.92,1.12,1.45,0.94,0.64,0.34,0.67,0,0.77,1.66,1.15,1.18,0.95,0.5,0.69,-0.1
20030714,0.1,-0.64,-0.55,-0.06,0.29,0.3,0.32,-0.13,0.15,0.42,0.18,0.31,0.5,0.5,0.04,1.07,-0.15,1.71,0.07,0.32,0.97,0.81,0.79,-0.13,-0.55,-1.23,1,-0.25,0.85,-1.01,-0.33,0.34,-0.13,0.84,1.22,2,1.89,-0.24,-1.09,1.08,0.74,0.73,-0.88,2.08,0.84,0.14,2.36,-0.21
20030715,-0.76,0.33,1.54,-0.19,-3.24,0.02,-0.72,0.05,0.4,-0.37,1.96,-0.46,-0.51,-0.32,-0.32,0.88,-0.55,-3.69,-0.96,0.51,0.15,-0.7,0.66,-1.69,1.68,1.21,-4.44,-2.13,-0.95,-0.78,-1.28,-0.56,-0.85,-0.04,-0.8,-0.17,0.47,-0.42,-0.27,-0.53,-0.1,0.22,-2.23,-0.85,0.07,-0.11,1.09,-1.21
20030716,-0.59,0.25,-4.24,-1.41,-1.18,-0.34,-0.23,-0.07,0.15,0.7,-1.4,-1.48,-0.6,-0.5,0.67,-0.1,0.1,-0.26,-0.94,0.66,0.14,-1.21,-1.64,0.17,4.03,1.56,-1.51,-0.47,-0.9,-0.75,-1.38,-1.52,-0.99,-0.39,-1.45,0.58,-1.28,-0.2,1.37,0.2,-0.58,-0.46,0,-0.74,-0.78,0.1,-1.18,-0.95
20030717,-1.85,-1.58,-2.17,2.64,-0.44,-2.12,-0.6,-0.61,-0.64,-1.79,-0.79,-0.13,-1.2,-0.22,-1.05,5,-0.5,-2.22,-2.09,-0.68,0.61,-0.73,-0.83,0.09,-1.29,0.13,1.78,0.54,-0.49,0.65,-0.51,-2.37,-0.78,-3.28,-2.85,-3.73,-2.67,-0.1,-0.79,-1.99,-1.26,-1.51,-2.33,-1.62,-0.22,-0.92,-2.46,-1.07
20030718,0.97,0.73,0.82,0.49,0.97,0.66,1.27,1.2,1.37,-0.53,0.75,1.28,0.78,2.32,1.03,2.46,0.8,-0.28,1.72,1.24,1.51,1.28,0.99,0.79,3.74,3.41,0.51,1.53,1.07,2.13,1.46,1.21,1.53,0.64,1.07,0.62,0.66,1.58,0.56,0.64,0.2,0.86,2.11,1.29,0.69,0.12,1.21,2.28
20030721,-1.29,-1.24,-0.86,0,-0.29,-0.28,-1.54,-1.43,-0.68,-1.29,-1.54,-0.59,-1.88,-0.69,-0.95,-0.88,-0.17,-1.98,-2.04,-2.7,-1.24,-1.18,-1.88,-1.22,-0.78,0.33,2.91,-0.5,-0.55,-1.11,-1.56,-2.79,-0.97,-1.87,-1.65,-2.2,-1.51,1.31,-0.89,-0.24,-0.87,-1.32,-1.55,-1.2,-0.64,0.07,-1.88,-2.07
20030722,1.17,0.67,0.38,0.36,0.18,1,2.17,0.87,0.33,0.51,-0.3,1.38,-0.16,1.58,1.91,0.41,0.47,2.69,3.46,1.83,1.35,0.82,0.6,2.4,0.6,2.11,1.19,0.48,-0.53,0.28,1.57,1.53,-0.36,1.05,2.32,2.74,2.76,1.72,1.34,-0.03,0.28,0.88,0.69,0.94,0.13,0.66,1.26,0.97
20030723,-0.14,-0.04,0.68,-0.11,-0.31,1.33,-3.97,-0.77,0.12,0.2,0.15,0.33,0.7,-0.39,1.12,0.41,0.16,-0.36,2.22,2.2,1.11,1.49,0.48,-0.12,-0.45,-0.08,5.94,1.71,-0.66,-0.45,-0.46,-0.65,3.6,0.6,0.15,0.95,1.08,-0.2,1.21,0.08,0.78,0.35,0.35,0.07,-0.07,-0.67,0.16,-0.08
20030724,2.27,-0.56,-0.13,-1.01,0.13,-0.02,-1.06,-0.02,-0.85,0.5,-0.49,0.05,-1.04,1.53,-0.28,0.32,-0.31,-0.03,-1.02,-0.44,-1.06,0.16,-0.29,-1.12,-0.36,-3.18,0.8,0.37,-1.26,-1.01,0.09,-0.25,0.68,-0.9,-1.97,-1.93,0.23,-0.14,0.81,0.26,-0.5,-0.95,-0.44,-0.86,0.54,0.68,-0.32,-0.01
20030725,1.06,0.98,1.18,1.44,1.85,0.43,0.56,0.43,1.11,0.99,1.63,1.61,0.9,2.52,1.14,-1.01,0.28,0.43,1.63,0.99,1.87,1.63,2.31,1.39,0.66,2.59,2.49,1.7,1.3,1.08,0.47,1.56,-0.05,2.09,1.84,2.05,0.44,0.88,0.3,1.06,1.09,1.3,0.88,1.76,1.98,1.33,1.69,3.28
20030728,0.58,-0.59,-0.54,-0.59,-1.65,-0.05,1.62,-0.24,-0.66,-0.02,3.65,0.17,-0.33,0.29,0.4,0.75,-0.22,-0.64,0.14,0.11,0.31,0.29,-0.14,0.45,0.6,0.98,-1.54,0.26,0.99,-0.14,-0.49,0.9,0.8,-0.4,-0.24,0.81,0.74,-0.23,0.56,-0.2,0.26,0.42,0.21,-0.49,0.35,0.09,-0.06,-0.14
20030729,0.3,-0.77,-1.75,0.06,-0.17,-0.82,0.4,-0.35,-0.71,-1.65,2.86,1.38,-0.97,-0.47,-0.76,-0.39,-0.35,-0.1,-0.17,-0.61,-0.85,-0.55,-0.32,-0.94,-1.18,-1.56,0.76,1.71,-3.41,-1.13,-0.23,-0.5,0.08,-0.64,0.04,-0.82,-0.7,-0.42,-0.5,-0.95,0.27,-0.98,1.27,-0.5,-0.61,0.22,-0.91,-1.55
20030730,0.25,0.57,-0.21,0.92,-0.63,-0.65,-2.67,-0.44,0.37,0.01,0.48,-0.51,0.78,-0.08,-0.78,-0.19,0.5,0.96,0.08,-0.35,0.01,-0.47,-0.32,0.29,-0.01,-0.11,-1.71,1.3,-3.32,-0.06,-0.22,-1.19,-0.31,-0.7,-0.24,-1.2,-0.48,-0.13,0.04,-0.93,-0.08,0.07,0.57,-0.09,-0.14,-0.24,-0.58,0.14
20030731,1.15,-0.91,-0.38,-0.68,0.08,0.48,0.99,-0.43,0.05,1.07,-1.46,0.21,0.11,0.81,-8.16,1.39,-0.08,-1.72,2,0.56,1.27,1.63,2.06,-0.09,1.32,-0.26,1.8,0.76,-0.11,0.75,0.14,0.25,-0.24,0.64,1.32,1.36,0.76,0.95,-0.27,0.88,-3.7,0.53,1.32,-0.27,-0.09,0.09,0.66,1.55
20030801,-1.09,-0.92,1.36,-0.62,0.64,-0.69,-0.8,-0.84,-0.84,-1.12,-0.5,-0.11,-2.12,-1.15,-1.67,-1.23,-1.23,-1.86,-1.58,-1.56,-0.27,-0.57,-0.73,-0.92,-0.26,-1.49,-1.27,-0.34,-1.12,-0.71,-0.68,-0.32,-0.72,-0.79,-1.04,0.41,-0.54,-1,-1.09,-0.8,-0.29,-0.97,-0.29,-2.06,-1.18,-0.52,-2.51,-0.18
20030804,-0.09,-0.13,-0.71,0.5,1.55,-1,-0.38,-0.21,0.72,-0.11,-0.65,0.18,0.23,-0.37,0.82,0.34,-0.33,0.82,-0.26,-0.15,-0.16,0.28,-0.02,0.15,0.06,0.28,1.71,0.07,-0.78,-0.26,-0.09,0.66,-0.01,-0.23,0.07,0.36,-0.17,0.78,0.32,-0.22,0.07,0.51,-0.76,0.39,-0.62,-0.46,-0.06,0.05
20030805,-0.31,-0.96,-0.8,-1.34,-1.95,-0.98,-1.74,-0.96,-0.6,-1.9,-1.52,-0.85,-2.08,-1.43,0.04,-2.54,-1.08,-1.8,-2.21,-1.49,-1.99,-1.82,-2,-2.04,-1.43,-2.86,-1.14,-0.82,-0.37,-0.52,-1.38,-2.34,-1.61,-1.74,-2.58,-2.97,-2.22,-1.18,-1,-1.99,-1.35,-1.96,-1.4,-1.5,-1.2,-0.72,-1.72,-1.98
20030806,-0.93,0.21,0.13,-0.26,-0.07,-0.04,-0.06,0.44,0.83,-0.09,-1.12,-0.16,-0.21,-0.35,-0.42,0.96,0.45,2.85,-1.41,0.13,-0.54,-0.88,0.47,-0.08,0.51,1.33,3.03,0.1,-0.69,1.26,0.8,0.35,-0.44,-0.63,-2.81,-0.73,-1.46,-0.26,-0.63,-0.26,-0.76,0.55,-1.6,0.9,0.03,-0.01,1.22,-0.42
20030807,-1.36,0.22,1.95,1.37,-0.69,0.85,0.5,0.03,-0.25,1.11,2.72,0.07,1.94,-0.14,-1.02,-0.64,1.17,0.16,0.46,-0.7,1.04,-0.32,0.26,-0.22,0.41,-2,0.31,-0.47,0.26,2.04,0.49,-0.85,0.5,0.2,-0.6,-0.53,-0.01,0.17,0.44,0.34,0.97,1.55,0.78,0.55,0.48,-0.06,0.46,1.19
20030808,-0.21,0.8,-0.84,0.38,-0.18,0.5,0.99,-0.11,0.64,1.54,1.39,0.29,-0.25,0.47,0.41,0.24,1.08,1.88,1.21,0.59,-0.46,0.38,0.28,0.4,-0.73,1.39,3.77,2.89,2.36,0.49,0.43,0.28,0.17,-0.05,0.39,-1.75,-0.87,0.9,0.18,0.61,0.46,1.21,2.92,0.48,0.54,-0.29,1.23,0.1
20030811,0.89,-0.05,-0.24,-0.27,1.16,-0.49,1.31,-0.04,0.11,-0.24,0.75,0.64,0.19,0.42,0.76,0.56,0.18,-0.45,1.35,0.38,0.82,0.04,0.54,-0.28,0.91,0.01,0.99,0.81,1.57,0.87,0.1,0.87,0.57,0.9,0.47,1.69,1.16,0.97,0.34,0.31,0.96,0.17,-0.51,-0.02,0.43,0.01,-0.34,0.67
20030812,0.86,0.54,1.5,0.07,0.76,1.52,0.21,0.51,0.8,1.7,0.53,0.76,0.31,0.76,0.81,1.46,1.43,1.22,0.6,1.58,1.63,1.51,1.08,1.68,0.89,0.79,-2.18,-0.44,0.86,0.69,1.06,1.39,0.78,1.38,1.87,2,1.67,1.02,0.09,0.49,0.89,1.74,0.96,1.19,0.92,0.57,2.18,0.27
20030813,0.45,-0.71,0.07,-0.37,-0.91,-0.49,-0.79,0.02,-0.31,-0.26,-0.14,-1.51,-1.5,-0.29,-1.95,-0.3,-0.02,-2.89,0.32,0.2,1.38,0.41,0.61,0.15,0.2,-1.08,1.72,0.18,-0.72,-0.18,-0.38,-1.12,-0.02,-0.38,-0.57,1.26,1.25,0.18,0.17,0,0.07,-0.07,-0.74,-0.7,-0.88,0.19,-0.63,-0.95
20030814,0.26,0.65,2.13,0.9,-1.09,1.23,0.55,0.68,0.19,0.68,-0.73,0.63,-0.33,1.09,0.05,0.7,0.41,0.7,2.25,0.81,0.64,1.22,0.79,1.87,1.35,0.17,0.18,2,0.43,0.59,0.2,0.59,0.83,0.68,0.54,1.67,0.51,0.7,0.73,1.1,0.78,-0.04,0.08,0.85,1.02,0.92,0.84,1.63
20030815,-0.44,0.26,0.47,-0.08,-0.16,0.11,-0.15,0.28,-0.17,0.29,-0.15,-0.06,0.41,-0.04,-0.41,0.44,0.24,1.69,-0.16,0.69,0.2,2.01,0.05,0.32,-0.57,0.14,-0.29,0.08,0.18,-0.13,0.15,-0.17,-0.01,0.02,0.84,-0.05,-0.01,0.05,0.22,0.08,0.33,0.49,-0.19,-0.26,-0.18,0.24,-0.21,0.79
20030818,0.42,-0.05,-0.51,-0.08,-2,0.68,1.15,0.55,-0.21,0.37,0.97,0.74,0.34,1.52,1.95,1.09,1.36,1.16,1.99,1.46,2.31,1.26,1.85,1.81,4.18,2.53,-1.4,-0.08,-0.18,0.25,-0.42,0.93,2.49,1.51,2.77,4.03,2.85,0.91,0.73,0.34,0.83,1.61,0.06,0.24,0.56,0.59,0.66,3.11
20030819,1.16,-0.46,0.36,-1.16,0.03,-0.11,1.82,0.18,-0.16,0.08,0.74,0.32,-0.41,0.78,1.74,1.93,0.48,2.89,0.58,0.56,0.79,1.25,1.3,1.68,-0.05,-0.02,2.72,2.29,1.38,-0.4,0.03,0.68,0.74,1.6,0.67,1.75,1.94,0.44,0.68,0.85,0.6,0.09,0.65,0.07,0.27,1.22,0.72,0.41
20030820,0.17,-0.63,-0.43,-0.89,2.41,1.53,-0.66,-0.1,-0.31,0.41,-0.65,-0.63,0.06,0.03,0.33,0.18,-0.03,-0.33,0.76,-0.18,0.01,-0.41,0.49,-0.86,0.27,-1.53,1.94,-0.36,1.06,0.42,1.06,0.1,-0.7,-0.07,-1.26,-0.64,-0.1,-0.05,-0.17,-0.3,-0.86,0.3,0.63,-0.03,-0.54,-0.26,-0.37,-1.11
20030821,0.32,-0.2,1.98,-0.48,-0.02,0.74,1.6,0.6,-0.23,0.95,0,0.75,-0.34,1.02,1.67,1.45,-0.03,1.71,0.92,1.58,1.85,1.3,1.48,1.78,0.46,-1.15,-3.41,-0.17,0.5,0.65,0.34,0.45,0.31,0.26,1.06,2,2.01,0.66,0.83,0.73,0.6,0.92,-0.57,0.03,-0.59,0.67,0.23,2.21
20030822,-1.62,-0.95,-0.39,-0.75,-0.96,-1.71,-0.33,-1.14,-0.55,-1.26,-0.86,-1.62,-1.41,-1.31,-2.12,-0.46,-0.95,-1.48,-1.77,-1.35,-0.81,-0.74,-1.32,0,-1.25,-1.25,-1.99,-3.27,-0.86,-1.32,-1.2,-1.28,-1.95,-0.46,-1.07,1.26,-1.08,-1.19,-1.59,-1.49,-1.12,-0.99,-1.43,-1.82,-1.16,-0.67,-1.27,-0.95
20030825,0.54,0.57,0.36,1.37,1.15,-0.55,-1.29,-0.28,0.19,0.19,0.52,0.14,0.45,-0.42,-0.36,-0.8,0.15,0.17,-1,-0.21,-0.93,-1.15,-0.7,-0.76,0.18,0.74,-1.74,0.02,-0.74,0.28,0.56,-0.84,-1.55,-0.01,-0.04,-0.92,-0.58,-0.28,-0.76,-0.38,-0.24,0.38,0.21,0.23,-0.18,-0.09,-0.71,-0.2
20030826,0.1,0.11,0.43,0.19,-0.13,0.9,0.36,-0.09,0.59,0.28,0.94,0.26,0.1,-0.28,0.75,0.59,-0.08,0.2,0.15,-0.41,-0.34,0.18,1.13,0.13,2.13,1.72,2.44,2.23,0.23,-0.11,0.34,0.61,0.45,0.3,0.64,1.03,0.16,0.14,-0.05,0.22,0.04,0.09,0.42,0.22,0.63,1.19,-0.08,-0.02
20030827,1,-0.12,0.64,-0.25,0.81,0.21,0.19,-0.46,0.37,0.57,0.71,-0.66,0.08,0.23,-0.49,0.67,0.8,-0.66,0.59,0.11,1.03,0.19,0.59,0.77,0.21,0.2,4.29,1.91,0.73,0.67,0.08,-0.15,-0.26,0.18,0.36,2.07,1.04,-0.01,0.35,-0.03,-0.39,0.54,1.13,-0.29,-0.63,1.13,-0.34,-0.32
20030828,1.76,0.99,-0.06,-0.09,1.51,0.24,1.26,0.35,0.35,0.83,0.81,0.43,0.29,0.97,0.83,0.69,0.32,1.61,1.31,0.16,0.75,0.94,0.51,1.54,0.73,0.22,-1,0.48,2.04,1.41,0.11,0.47,2.96,0.66,1.3,1,0.71,0.48,1.71,1.11,0.95,1.18,0.14,0.7,0.16,0.78,1.17,-0.08
20030829,0.87,0.35,0.34,-0.15,0.78,0.94,1.05,1.38,0.07,0.92,0.37,-0.23,0.61,0.25,0.9,1.21,0.48,-0.6,0.61,1.73,0.74,1.56,1.63,0.59,0.31,-0.16,1.08,0.29,1.25,0.2,0.34,0.91,0.41,0.44,0.64,0.82,1.05,0.24,1.32,0.53,0.63,0.45,0.4,0.55,0.52,-0.29,1.07,-0.07
20030902,1.26,1.14,0.95,0.91,1.26,1.94,0.93,0.78,1.29,1.59,1.52,1.19,1.77,1.09,1.84,0.47,1.37,0.19,0.46,1.07,0.18,1.42,3.26,0.79,0.82,0.22,-2.92,1.29,-1.38,0.59,1.63,0.87,0.74,2.7,2.26,0.75,0.68,0.36,0.85,1.37,1.67,1.08,1.49,1.44,0.69,1.33,2.41,2.55
20030903,-0.25,-0.11,-4.69,-0.09,0.56,0.55,1.04,0.12,0.74,0.59,0.19,-0.29,-0.42,0.03,-0.15,0.38,0.88,2.7,0.54,1.32,-0.64,-0.5,-0.87,0.55,0.69,1.26,0.16,0.58,-0.75,0.23,0.62,0.67,0.05,1.77,2.16,-1.07,-0.53,0.69,0.34,0.33,0.11,-0.05,0.55,0.43,0.8,0.65,-0.19,1.84
20030904,0.37,-0.21,-0.31,1.13,-0.21,0.63,0.42,-0.15,1.2,-0.71,0.55,-0.1,0.19,-0.66,0.02,-0.42,0.31,1.19,-0.52,-0.61,0.19,0.14,0.06,-0.76,0.21,-0.75,2.54,-0.14,-1.49,-0.09,0.03,0.95,0.21,0.58,1.01,1.55,1.84,-1.06,0.03,-0.18,-0.1,-0.34,0.58,-0.35,-0.3,0.46,0.31,0.63
20030905,-1.51,-0.55,0.9,-0.8,-0.62,-0.28,-0.59,-0.66,-0.49,-1.61,-1.66,-0.54,0.09,-0.88,-0.76,-0.68,-1.28,-1.87,-0.16,-2.62,-0.55,-0.6,-1.12,-1.23,-1.29,0.61,0.58,-1.09,-0.51,-0.53,-0.34,-0.62,-2.47,-0.98,-1.15,0.71,-0.21,-0.73,-0.36,0.04,-0.52,-1.57,-0.45,-0.37,-0.6,-0.3,-1.26,-0.89
20030908,1.62,0.83,-1.32,0.03,0.34,0.39,-0.27,0.69,0.48,0.51,1.25,0.51,2.61,1.08,1.11,1.69,0.17,1.16,1.47,1.8,1.63,0.1,1,0.99,-0.26,0.37,-0.57,1.44,1.12,1.42,0.99,0.24,1.22,1.52,1.31,2.58,2.04,0.22,0.67,0.39,1.37,-0.21,0.23,0.78,0.92,0.15,0.91,1.08
20030909,-1.23,-0.42,-0.15,-0.29,-0.5,-0.95,-1.38,-0.67,-0.74,-1.49,-1.04,-0.26,0.31,-0.92,-1.33,-1.58,-0.88,-1.54,0.06,-1.74,-1.13,-0.98,-1.77,-1.89,-0.66,-0.19,2.18,0.03,1.77,-0.99,-0.67,-1.09,-0.6,-1.14,-0.48,-1.29,-0.6,-0.28,-0.3,-1.2,-0.95,-2.72,0.01,-0.6,-0.08,-0.76,0.14,-0.77
20030910,-0.8,0.48,-0.01,1.06,0.29,-1.64,-1.43,-1.12,-0.58,-1.24,-0.66,-0.32,0.11,-1.83,-1.11,-2.89,-1.02,-3.89,-2.87,-1.52,-3.02,-2.89,-2.09,-2.05,-1.7,-1.82,-1.34,-1.59,1.08,-0.68,0.05,-1.08,-1.08,-2.49,-2.32,-4.79,-3.46,-1.29,-1.82,-0.84,-0.38,-0.68,-0.98,-1.86,-0.26,-0.4,-2.77,-0.6
20030911,1.17,0.77,0.3,-0.38,0.23,1.09,0.76,1.3,0.54,0.99,0.29,1.09,0.34,0.22,0.48,0.58,0.59,1.27,0.83,0.79,0.48,0.78,0.31,0.55,0.68,0.27,0.26,0.79,0.85,-0.08,-0.08,-0.2,0.86,0.94,1.2,1.4,1.08,0.8,-0.54,0.81,0.5,1.13,0.91,0.69,-0.24,0.8,1.34,1.3
20030912,-0.18,0.54,0.31,-0.62,-0.98,0.09,0.22,-0.23,0.19,0.45,0.11,0.56,0.16,1.47,0.99,0.78,-0.29,1.22,2.06,0.7,0.03,0.72,1,0.04,0.01,-0.48,-1.17,1.52,-0.12,-0.32,0.58,-0.01,2.67,0.47,0.09,0.79,0.14,0.34,1.03,0.02,0.61,0.02,-0.21,0.33,-0.3,-0.28,0.51,0.19
20030915,0.47,-0.29,-0.28,-0.54,0.11,0.11,-1.16,-0.88,-0.15,0.28,-0.9,1.42,-0.52,-0.78,0.32,0.12,-0.27,1.76,-0.91,-1.4,-0.28,-0.03,-0.34,-0.45,0.36,-0.28,-1.1,0.93,-1.47,-0.62,-0.49,-1.08,-0.57,-0.27,-1.1,-1.01,-0.82,0.22,0.31,-0.08,-0.08,0.63,0.45,0,-0.95,-0.01,-0.07,-0.4
20030916,-0.06,0.74,0.09,-0.81,-0.3,0.68,1.8,1.42,0.8,1.35,0.24,0.55,0.67,0.59,0.58,1.17,1.1,1.89,1.05,2.08,2.02,1.56,1.66,1.78,1.99,-1.68,1.06,0.24,-0.58,0.45,0.75,1.79,2.56,1.97,3.37,3.23,2.01,1.61,0.88,1.52,1.22,0.98,1.05,1.19,1.48,-0.53,2.68,1.71
20030917,0.16,-0.43,1.54,-0.14,9.91,-0.2,1.05,-0.81,-0.15,-0.07,-0.04,-0.12,-0.05,-1.62,-0.25,-0.42,0.26,-0.54,-0.65,-0.33,-0.76,-0.47,-0.54,-0.9,-0.83,-0.5,0.84,-2.49,-0.6,-1.81,-0.52,0.01,0.36,-0.41,-0.09,-0.38,0.08,-0.58,-0.1,-0.54,0.11,-0.4,-0.32,0.05,-0.6,0.83,0.09,-0.67
20030918,0.42,0.57,0.03,1.14,-0.1,-0.35,1.1,1.52,0.7,0.41,0.62,0.81,0.49,0.4,-0.49,1.63,0.11,1.11,1.58,2.26,0.64,1.01,0.94,0.63,-0.12,-0.05,-0.21,1.94,0.04,0.49,1.3,1.02,0.37,1.94,1.62,1.16,0.15,0.89,0.27,2.25,1.05,0.99,1.3,2.38,1.3,0.14,2.65,1.29
20030919,0.19,-0.34,0.45,-0.8,0.03,0.19,-0.41,0.15,-0.21,2.13,0.89,-0.5,-0.96,-0.11,-4.35,0.11,-0.41,-0.26,0.77,-0.36,-0.15,0.32,-0.56,-0.67,-1.27,-1.75,3.25,1.61,1.52,0.29,0.29,-1.14,-0.53,0.72,-0.51,-0.2,0.38,-0.2,0.05,-1.1,-0.66,-0.23,0.14,-0.04,-0.19,-0.1,-0.18,-0.44
20030922,-1.21,-0.65,0.59,-0.22,-0.3,-0.49,-1.12,-0.54,-0.74,-1.13,-1.47,-0.94,-1.19,-1.86,-1.07,-0.93,-1.39,-1.99,-2.41,-1.56,-1.95,-1.28,-1.29,-1.57,-1.11,-1.74,1.37,0.26,-1.11,-0.37,-0.88,-1.57,-0.32,-1.92,-2.16,-1.72,-1.65,-0.86,-1.21,-1.26,-0.8,-1.58,-1.08,-1.15,-0.67,-1.54,-1.51,-1.61
20030923,0.33,0.78,1.03,0.49,0.13,1.79,1.27,0.83,0.53,0.29,-0.08,0.39,0.65,0.47,0.16,0.64,0.61,0.82,-0.1,0.65,0.51,0.21,0.68,0.16,-3.54,-3.51,1.47,0.25,0.23,0.57,0.45,-1.1,-0.34,1.12,1.44,1.26,1.16,0.4,0.97,1.25,0.66,1.25,1.63,0.64,0.42,0.44,0.41,0.52
20030924,-0.49,-0.47,-0.89,-0.72,-0.5,-2.38,-2.06,-1.09,-0.51,-1.63,-0.96,-1.9,-2.04,-1.96,-1.28,-1.12,-1.26,-0.26,-0.85,-0.2,-2.46,-1.99,-2.12,-1.93,-2.48,-1.74,0.35,-0.26,0.46,0.23,-0.85,-2.59,-1.08,-2.92,-3.12,-3.91,-3.45,-1.44,-0.71,-1.45,-1.45,-1.81,-0.74,-1.32,-1.73,-0.44,-2.6,-2.23
20030925,-1.35,0.01,0.01,0.15,-0.81,-0.58,-1.36,0.31,-0.75,-1.26,-0.81,-0.61,-1.13,-1.12,-2.39,-1.1,-1.05,-0.53,-2.45,-2.54,-1.22,-1.63,-1.08,-0.59,-1.69,0.16,-4.75,-2.5,-1.48,-0.39,-0.14,-0.37,-1.37,-0.95,-1.66,-1.32,-1.51,-0.55,-1.56,-1.46,-0.8,-0.24,-2.39,-0.69,-0.59,-0.76,-0.72,-0.73
20030926,-0.08,-0.44,-1.21,-0.59,-1.31,-1.02,-1.57,-0.99,-0.63,-0.5,-1.44,-1.1,-0.79,-0.01,-1.24,-1.73,-1.02,-1.18,-1.12,-1.59,-1.4,-1.55,-1.42,-0.26,0.79,0.39,-4.02,-1.61,-2.03,-1.02,0.59,-0.84,-0.77,-1.19,-0.5,-1.45,-2.07,0.24,-0.32,-1.2,-1,-0.91,-0.59,-0.44,-0.58,-0.68,-1.35,-1.6
20030929,1.32,0.62,0.2,0.24,0.39,0.42,-0.76,0.54,0.88,0.02,1.61,0.27,0.79,1.49,1.34,0.4,1.71,1.67,2.75,1.17,1.41,0.79,0.14,1.44,0.63,1.12,0.64,2.42,2.65,0.59,1.13,0.64,0.62,1.57,1.24,2.65,1.82,-0.1,0.63,1.19,0.47,0.03,0.64,0.98,1.14,0.81,0.97,1.59
20030930,0.8,-0.43,-0.92,-0.69,0.76,-0.72,0.28,-0.61,-0.19,-0.21,0.71,-0.07,-0.51,-1.17,-0.81,-0.47,-0.33,1.02,-2.47,-0.38,-1.41,-1.18,-0.84,-1.23,0.47,0.43,-0.22,-0.99,-0.38,-0.25,-0.58,-0.2,-0.36,-2.12,-2.49,-2.7,-1.49,-0.81,-0.81,-1.17,-0.47,-1.24,-0.32,-0.77,-0.28,-0.11,-1.03,-1.76
20031001,2.6,1.62,3.17,2.42,1.32,2.13,1.66,1.06,1.49,2.92,1.37,1.55,1.67,1.47,2.61,2.53,2.69,5.54,2.11,1.33,2.57,1.64,1.9,2.81,2.17,0.79,0.8,3.37,1.65,1.87,1.1,2.2,2.49,2.34,2.17,2.28,1.75,2.07,2.11,1.89,1.39,2.79,2.72,2.64,2.2,1.34,2.53,2.56
20031002,0.39,0.44,-0.27,0.28,-0.06,1.22,0.84,0.65,0.38,0.18,0.41,0.78,0.74,0.28,0.34,0.24,0.09,0.51,1.31,0.87,0.54,0.91,0.3,0.03,-0.74,-0.79,1.36,2.1,3.02,0.41,0.55,0.57,0.04,0,-0.35,0.74,0.58,0.35,0.9,0.09,0.11,0.13,0.29,-0.02,0.28,0.6,0.45,0.26
20031003,0.57,0.37,0.78,-0.38,0.81,1.15,-0.53,0.71,0.64,2.23,0.79,-1.08,-0.66,1.89,0.95,0.04,0.55,0.22,3.06,0.18,1.99,1.58,2.01,1.57,1.05,-0.4,-5.08,-1.64,4.06,0.62,0.27,1.25,-0.19,2.19,3.59,3.51,2.76,0.97,1.05,1.6,0.88,1.51,0.29,0.5,0.72,1.75,0.74,0.35
20031006,0.98,0.35,0.66,0.9,0.8,2.05,0.6,0.57,-0.24,0.42,0.35,-0.82,-0.08,0.15,0.94,0.79,-0.22,2.29,1.18,0.23,0.25,0.69,0.45,0.06,-0.25,-0.44,0.47,1.87,-0.22,0.72,0.27,0.66,0.77,0.7,0.89,0.66,0.39,0.19,0.07,1.03,0.41,0.94,-0.01,0.67,0.04,0.22,1.33,-0.05
20031007,-0.48,0.13,0.05,0.44,0.21,1.12,-0.39,0.47,0.71,0.61,-0.45,0.12,0.04,0.24,0.86,-0.25,0.72,0.11,1.04,0.45,0.88,0.57,0.35,0.54,0.63,0.59,2.36,1.99,2.66,0.59,-0.35,0.21,0.38,0.39,0.95,1.5,0.9,0.31,0.23,-0.07,0.2,1.23,1.54,0.76,0.1,-0.09,1.04,-0.02
20031008,-0.06,-0.07,-0.67,-0.85,-0.41,-0.67,-1.16,-0.21,-0.09,-0.45,-0.12,-0.27,-0.7,0.01,0.22,-0.6,-0.69,0.7,0.41,-0.39,0.25,0.61,-0.01,0.36,0.15,0.21,1.07,0.89,-0.06,-0.71,-0.43,-1.5,-1.52,-0.05,-0.78,-0.99,-0.2,-0.35,-0.25,-0.03,-0.32,-0.61,-1.02,-0.2,-0.12,-0.45,-0.56,-1.48
20031009,0.46,-0.08,-0.03,-0.46,0.52,2.53,1.36,0.97,0.13,2.08,0.16,0.59,0.38,0.05,0.29,0.92,0.16,0.4,1.87,0.25,0.99,0.59,1.07,0.95,0.1,-0.4,-0.49,-1.52,1.54,-0.2,0.29,0.31,-0.45,0.37,1.24,0.81,1.09,0.87,0.21,2,0.81,1.81,0.29,0.5,0.06,-0.16,0.75,-0.23
20031010,0.6,-0.19,-0.11,-0.06,-0.33,0.08,0.83,-0.22,0.35,-0.68,-0.11,-0.38,-0.43,-0.59,0.03,-0.11,-0.09,0.18,0.45,-0.14,0.02,-0.55,0.31,-0.34,1.44,0.9,0.36,0.05,-0.25,0.84,-0.21,0.51,0.21,0.06,0.23,1.28,0.37,-0.34,-0.65,-0.63,-0.28,-0.73,-0.56,0.1,-0.41,-0.05,-0.27,-2.31
20031013,0.48,0.78,0.63,0.35,-0.27,1.21,1.29,0,0.39,1.86,0.97,-0.63,0.45,0.91,1.27,1.51,0.88,2.18,1.42,0.54,1.02,0.98,1.45,2.01,1.6,0.85,2.04,5.79,0.44,0.44,0.23,-0.21,0.75,0.45,0.91,0.92,0.54,0.91,1.25,1.32,1.13,1.4,1.47,1.48,1.21,0.5,1.96,-1.02
20031014,-0.46,0.34,-0.15,0.34,0.27,-0.29,-0.44,0.52,0.52,0.31,0.57,1.18,0.43,0.03,0.35,-0.08,0.45,0.82,1.71,1.03,0.08,0.93,0.46,0.68,2.53,-0.59,-0.18,-0.56,1.81,0.09,0.32,0.03,-1.06,-0.08,0.34,0.92,0.75,0.2,-0.71,0.48,0.32,0.67,0.12,0.62,0.76,1.02,0.35,1.2
20031015,0.08,-0.48,0.81,0.34,0.2,-1.21,-0.15,0.95,-0.45,0.61,-1.92,1.02,-1.1,-0.18,-0.35,-0.15,0.07,-2.64,-0.1,-0.81,1.31,0.21,0.15,-0.26,-0.4,-0.17,-1.43,-0.08,-2.07,-1.21,-0.95,0.03,-2.03,0.06,0.12,0.33,0.48,-0.43,1.5,-0.82,-0.28,-0.45,-0.82,-0.56,-0.14,-0.48,-0.49,-1.24
20031016,0.72,0.2,-0.43,0.03,-0.29,0.26,1.11,0.53,0.13,0.83,1.51,0.66,0.38,0.67,-0.24,0.39,0.22,0.46,0.36,-3.94,-0.59,-0.4,0.55,1.09,-1.14,-0.85,1.49,0.05,1.05,0.88,0.29,0.86,0.35,-0.19,-0.12,0.98,-0.17,0.34,0.4,0.78,0.12,0.26,0.58,0.26,0.83,-0.4,-0.27,0.62
20031017,-0.3,-0.5,-0.38,-0.17,-0.55,-1.74,-1.36,-0.01,-0.55,-0.91,-0.87,-0.61,-1.34,-0.61,-1.3,-4.43,-0.57,-1.28,-1.36,-0.22,-1.45,-1.49,-1.46,-1.06,-0.85,0.29,-2.16,-2.08,-0.6,-0.68,-0.46,-1.26,-0.8,-1.37,-1.6,-2.2,-2.47,-0.4,-1.86,-0.93,-0.98,-1.23,-0.22,-0.73,-0.95,-0.65,-1.66,-1.43
20031020,0.07,0.31,0.96,0.8,1.3,0.79,0.53,0.05,-0.14,-0.2,0.87,0.74,0.03,0.44,-0.73,0.72,0.39,1.02,-0.14,0.81,0.64,0.88,0.63,0.63,0.83,0.2,0.01,0.13,-2.32,-0.15,0.28,0.6,0.3,0.8,1.15,1.18,0.3,0.62,-0.73,0.55,0.04,0.36,0.24,0.07,0.16,0.07,0.18,0.73
20031021,-0.25,-0.06,0.3,0.53,-0.19,-0.19,-0.62,0.05,-0.16,0.6,-0.56,-0.34,1.54,-0.03,-0.38,-1.35,-0.25,0.99,0.12,0.33,0.22,0.33,-0.94,-0.87,-0.59,0.05,5.11,1.92,-1.94,0,0.2,-0.72,2.27,0.29,1.02,1.58,0.8,-0.5,-1.69,0.19,-0.07,0,-1.82,-0.05,-0.01,0.72,0.11,0.23
20031022,-1.45,-0.63,-1.05,-0.61,-0.27,-0.29,-2.11,-0.94,-0.28,-1.72,-2.49,-1.11,-3.41,-2.48,-1.11,-2.19,-0.66,-0.79,-2.22,-1.5,-1.74,-1.46,-1.98,-1.29,-1.58,-1.42,0.55,-1.23,-1.32,-1.53,-0.11,-0.07,-0.2,-1.69,-2.06,-2.36,-2.82,-0.18,-0.53,-1.44,-2.38,-1.34,-0.15,-1.11,-1.2,-0.84,-2.26,-1.77
20031023,1.66,0.5,0.03,0.44,0.52,-0.53,-0.4,0.4,-1.19,0.46,0.57,0.83,1.27,0.98,-0.17,1.83,0.7,2.36,0.01,-0.98,-0.67,-0.55,0.56,0.08,0.19,0.78,0.33,-0.3,-0.23,0.36,-0.26,0.11,0.53,-0.53,-1.15,-1.11,-2.36,0.47,0.01,-0.03,1.23,0.63,0.65,0.92,0.21,-0.19,0.59,0.15
20031024,-0.39,-0.2,0.83,-0.05,0.14,0.55,0.35,-0.04,0.11,-0.65,0.9,0.47,0.2,-0.44,-0.38,-0.25,-0.05,-1.44,-1.12,-0.63,-0.33,-0.6,-0.68,0.03,-0.13,1.63,1.65,-0.11,-0.15,0.01,0.08,0.17,0.12,-2.34,-1.43,-0.68,-0.08,-0.52,-0.42,-0.03,-0.55,-0.84,0.06,-0.19,-0.14,-0.79,-0.87,-0.33
20031027,0.43,-0.44,-0.8,-0.45,-0.53,0.78,1.05,0.45,0.5,1.22,0.5,0.05,-0.18,0.67,0.36,0.93,0.53,2.22,2.61,2.05,0.94,0.53,1.22,0.58,0.18,-0.43,0.78,0.8,-0.59,-0.22,0.11,0.81,0.43,0.69,0.76,1.2,0.44,-0.16,1.23,0.3,1.15,0.87,0.56,-0.05,0.08,1.26,1.43,-0.16
20031028,3.11,1.48,0.92,0.18,2.31,1.1,1.34,0.35,0.76,2.61,1.76,1.3,1.28,0.61,1.6,2.77,1.44,1.46,2.66,0.47,2.8,1.71,2.14,0.8,0.57,-1.41,0.19,2.09,1.11,0.46,-0.04,1.32,0.62,1.83,2.87,4.13,4.8,1.63,1.44,1.56,0.85,2.18,1.25,1.23,0.78,-0.15,3.19,1.01
20031029,-0.19,-0.3,-0.29,0.57,1.18,1.14,-0.42,0.02,0.54,0.18,1.31,0.53,-0.89,0.97,0.15,0.19,0.79,1.42,2.17,0.71,0.55,0.52,0.82,2.08,1.52,3,2.36,0.66,0.95,-0.12,0.2,0.28,2.07,-0.28,0.5,1.11,0.79,0.42,0.46,0.22,0.14,0.1,0.58,0.27,0.5,0.15,0.23,1.13
20031030,0.14,-0.02,0.42,0.13,-0.24,0.89,0.51,0.92,0.21,-0.96,-0.8,-0.98,-0.58,1.49,0.85,-0.32,0.69,-1.32,1.21,1.18,1.23,0.75,-0.42,1.52,-0.63,0.45,-1.21,0.84,0.4,-2.31,0.29,-0.2,-0.44,-0.27,0.27,0.09,0.81,1.13,1.31,0.99,0.29,-0.21,0.42,0.12,-0.68,1.51,0.34,0.3
20031031,2.11,0.27,0.64,0.87,-0.44,-0.52,-0.66,0.22,0.54,0.19,0.98,-0.06,1.1,-0.02,-0.06,0.48,-0.04,0.17,-0.91,0.68,0.37,1.25,-0.14,-0.52,-0.33,-1.14,1.19,-0.38,0.69,1.39,-0.14,0.7,-0.92,-0.11,0.22,-0.6,0.25,0.36,-0.89,-0.02,0.41,0.08,0.29,0.1,0.56,-0.37,0.42,0.3
20031103,-0.31,0.73,1.04,0.61,0.19,1.73,1.46,0.3,-0.09,1.05,0.35,0.62,-0.33,0.4,1.08,1.26,1.49,1.81,1.48,0.96,1.84,1.66,0.69,1.09,0.87,-0.69,-2.15,0.97,0.81,-0.16,1.02,0.14,2.2,1.52,2.36,2.99,1.91,0.53,0.45,0.55,0.78,0.82,1.22,1.15,1.06,0.06,1.53,-0.41
20031104,0.33,-0.43,-0.81,0.04,-0.05,-0.34,-0.28,-0.49,0.06,-0.61,-0.86,-0.68,-0.97,-0.33,-0.05,-1.01,1.54,-0.3,0.93,0.45,0.6,1.38,0.34,-0.15,-0.8,-0.75,1.03,2.61,-0.39,-0.57,-0.94,-1.23,-0.49,-0.62,-0.23,-0.31,0.17,0.2,-0.04,-0.29,-0.17,-0.64,0.64,-0.19,-0.44,0.15,-0.43,-0.46
20031105,-0.19,-0.37,-0.45,0.24,1,0,0.33,0.42,-0.21,-0.24,0.04,0.01,0.4,0.08,-0.2,0.38,-0.35,2.55,0.07,0.87,0.31,0.9,-0.59,-0.17,-0.06,0.12,-1.5,-0.4,0.45,-0.15,0.04,-0.26,0.39,0.04,0.54,0.58,0.12,-0.46,-0.75,-0.9,0.44,-0.68,0.12,0.07,-0.61,0.67,-0.86,-0.72
20031106,0.76,0.84,1.75,0.79,0.59,-0.31,0.85,0.63,0.03,0.15,1.03,0.43,0.55,0.67,-0.23,0.16,0.48,0.45,1.1,0.81,1.17,0.97,0.28,0.7,0.4,1.1,-0.98,-0.12,-0.71,0.19,-0.07,0.1,0.01,0.62,1.79,0.84,1.64,0.23,0.81,1.03,0.33,0.91,0.7,0.46,0.08,0.11,1.44,0.03
20031107,-0.13,-0.16,-0.24,-0.15,4.37,0.81,0.44,0.14,-0.51,-0.18,0.76,-0.96,-0.74,0.22,0.35,-0.77,-0.66,-4.02,0.95,0.06,-0.93,0.18,-0.15,-0.26,-0.74,-0.38,1.02,0.7,1.64,0.14,-0.47,0.34,-0.17,-0.15,-1.51,0.34,-0.09,-0.2,-0.2,0.3,-0.42,-0.13,0.39,-0.77,-1.06,0.37,0.41,-0.77
20031110,-0.16,-0.23,0.12,0.2,-0.76,-1.73,-0.88,-0.41,-1.02,-0.7,-0.15,-0.83,-1.22,-0.91,-1.13,-1.67,-0.93,-1.81,-2.27,-0.81,-1.81,-1.33,-1.18,-1.23,-1.13,-0.75,-0.51,-2.39,-2.29,-0.07,0.04,-0.21,-0.94,-0.63,-2.03,-2.42,-2.59,-0.67,-1.35,-0.84,-0.52,-0.66,-0.39,-0.41,0.33,0.32,-0.85,0.07
20031111,-0.88,0.41,0.84,0.11,-0.7,-0.69,-0.43,-0.45,0.04,-0.03,-0.44,0.19,0.06,-0.03,-0.54,-0.34,-0.39,0.72,-1.68,-0.73,0.07,-0.71,-0.22,-0.68,-0.22,-0.04,-0.31,-0.97,0.01,0.08,-0.1,-1.11,-0.94,-0.64,0.12,-0.38,-0.21,-0.15,-0.34,-0.74,0.24,0.25,0.41,-0.24,0.06,-0.18,-0.16,-0.22
20031112,2.3,0.97,-0.22,1.15,3,0.95,2.04,0.82,1.18,1.11,2.04,1.22,1.97,0.98,1.28,1.87,1.19,2.18,2.53,1.85,2.11,1.52,2.77,1.78,1.23,0.82,4.9,2.99,0.87,0.42,0.36,0.61,2.09,1.82,2.65,2.93,2.24,0.85,-0.05,1.06,1.47,0.5,1.86,0.66,0.64,0.98,1.13,1.99
20031113,-0.14,-0.24,-0.47,-0.37,-0.17,0.78,-0.27,0.17,-0.29,-0.27,1.41,2.2,2.54,-0.08,-0.25,-0.02,0.35,0.33,0.84,0.34,-0.3,-0.34,0.94,0.66,0.26,-0.34,-0.83,0.29,0.05,1,0.14,-0.76,0.67,-0.37,-0.27,-0.75,-0.05,0.04,0.38,0.02,0.68,-1.71,-0.43,-0.08,0.09,-0.12,-0.17,-0.9
20031114,0.65,-0.33,-0.47,-0.41,0.34,-1.74,-0.77,-0.31,-0.72,-0.61,0.4,-0.75,1.16,-0.12,-1.03,-0.81,-0.44,-1.73,-1.7,-0.9,-1.84,-0.23,-1.28,-1.25,-1.6,-1.25,1.53,-1.28,0.38,-0.19,-0.18,-0.04,0.08,-1.65,-1.88,-2.56,-1.78,-0.62,-0.48,-0.66,-0.37,-0.82,-1.25,-1.03,-0.23,-0.68,-3.62,-1.39
20031117,-0.79,0.46,0.58,0.01,-0.03,-1.01,-1.15,-0.75,-0.14,-0.85,-0.39,-0.52,-0.31,-0.83,-0.16,-1.03,-0.55,-0.78,-1.09,-1.85,-0.63,-0.9,-1.61,-0.08,-0.57,1.15,-1.82,-1.68,-1.32,-1.1,-0.99,-0.19,-2.57,-1.36,-1.19,-1.67,-0.62,-0.57,-1.1,-1.3,-0.26,-0.96,-1.64,-0.48,-0.21,-0.34,-0.66,-0.33
20031118,-0.57,-0.88,-0.39,-0.15,-0.85,-1.05,-0.64,-0.47,-0.69,-0.5,-0.1,-1.24,-0.25,-0.85,-1.34,-0.55,-0.92,0.23,-1.56,-0.77,-1.18,-0.43,-0.82,-1.95,-1.27,-0.58,4.69,1.64,-0.12,-0.71,-1.44,-1.61,0.24,-1.27,-1.55,-1.44,-0.02,-0.81,-0.29,-1.52,-1,-0.88,-1.3,-1.02,-0.6,-0.23,-1.01,1.78
20031119,0.68,0.58,0.03,0.4,0.26,0.52,-0.14,0.36,0.42,-0.63,0.99,0.97,0.68,0.41,0.44,0.24,0.44,0.48,0.5,1.29,0.94,1.48,0.58,0.63,0.68,0.7,0.21,0.46,0.05,0.35,1.17,0.43,0.9,0.85,0.98,1.83,0.58,0.21,-0.5,0.24,0.76,0.67,-0.19,0.81,0.52,0.73,-0.15,3.21
20031120,-0.4,-0.99,-0.44,-0.93,0.03,0.16,-0.1,-0.52,-0.53,-0.17,-0.51,-0.09,-1.62,-0.72,-0.52,-0.66,-0.03,0.57,-1.56,-0.05,-0.93,-0.53,-0.98,-0.07,-0.29,0.58,-0.54,-0.87,-0.64,-0.32,-0.4,-0.43,-0.54,-0.96,-1.23,-1.57,-1.12,-0.46,-0.09,-0.47,-0.89,0.02,-0.6,-0.45,-0.93,-0.69,-1.32,-1.59
20031121,0.47,0.32,1.17,0.08,0.26,1.18,0.75,0.16,0.19,1.56,-0.67,-0.42,-1.38,0.02,1.64,-0.23,0.56,1.15,0.17,0.45,0.22,0.16,0.13,-0.09,0.08,0.49,0.56,0.48,0.23,-0.38,0.19,1.02,1.31,0.31,0.49,1.06,0.28,0.7,0.38,-0.42,0.38,0.28,0.8,0.62,0.38,0.6,0.83,-1.09
20031124,1.44,1.05,1.04,0.26,1.09,1.56,2.05,1.47,1,2.36,1.78,1.98,1.85,1.74,0.77,1.12,1.17,3.73,2.13,1.21,1.88,2.18,2.56,1.06,0.61,0.19,-1.08,1.46,-0.33,0.67,1.38,1.17,3.07,2.4,2.89,3.29,2.73,2.01,1.47,1.88,1.8,2.33,2.27,0.98,1.41,1.56,1.7,0.8
20031125,1.46,0.1,0.14,0.59,0.28,0.29,1.17,0.71,0.48,1.12,0.68,0.28,-0.68,1.45,0.27,0.98,0.67,0.51,1.55,1.83,1.63,0.84,1.44,-0.01,-1.03,-1.2,1.92,2.22,0.95,0.74,0.61,1.06,0.09,-0.12,-0.61,-0.15,0.26,0.17,0.59,0.56,0.42,0.36,0.69,0.43,0.55,-0.14,0.57,0.69
20031126,0.91,0.36,0.53,0.4,2.09,0.53,1.09,-0.09,-0.46,0.6,0.32,0.38,-0.09,1.19,0.27,0.36,-0.08,-0.48,0.97,-0.53,-0.15,0.02,0.3,0.5,0.78,0.55,3.81,0.14,0.06,0.93,0.57,0.5,1.34,0.62,0.66,0.69,0.28,0.08,0.33,0.06,0.34,-0.35,-0.15,0.49,0.89,0.54,0.86,-0.24
20031128,0.5,0.08,-0.53,-0.53,0.21,0.12,0.12,0.14,0.4,0.33,0.43,0.73,-0.42,-0.26,-0.13,-0.1,0.18,0.49,0.34,0.19,0.8,0.34,0.65,-0.3,0.39,0.02,1.77,1.21,1.97,-0.21,0.07,-0.17,0.79,0.52,0.1,0.64,0.78,0.05,0.07,0.25,0.23,0.28,0.73,-0.1,-0.2,0.44,0.31,-0.28
20031201,1.19,0.64,0.77,1.01,0.74,1.43,1.13,0.87,0.96,0.83,1.25,1.39,1.9,2.7,1.34,1.9,1.42,2.41,2.63,1.81,1.01,1.89,0.84,0.82,1.04,0.93,3.22,3.05,0.4,1,0.75,0.36,1.43,1.34,1.23,1.11,0.69,2.73,2.01,1.16,1.41,-0.08,2.02,0.87,1.43,0.46,1.3,1.18
20031202,-0.24,-0.18,0.13,-0.08,-0.73,-0.43,0.05,-0.04,-0.26,-0.82,1.06,0.06,-0.02,-0.43,0.45,-0.79,-0.08,-0.07,-0.77,0.24,-0.34,-0.1,-0.54,-0.73,-0.67,-0.42,0.98,0.84,-1.13,0.43,-0.02,-0.49,0.46,-0.45,0.14,-0.75,-0.19,-0.03,-0.08,-0.99,0.15,-1.93,-0.37,-0.02,-0.19,-0.48,-0.36,1.23
20031203,0.72,0.01,-0.17,0.78,-0.93,-2.06,-0.39,0,-0.32,-1.53,-0.48,-0.37,0.08,0.7,-0.12,-0.68,0.33,-1.72,-0.23,-0.01,-0.55,0,2,0.65,2.62,0.74,-0.11,-0.39,2.67,-0.13,-0.2,-0.42,-5.32,-0.32,-0.52,-1.64,-0.28,0.57,1.14,-0.46,-0.14,-0.85,-0.12,-0.37,-0.29,-0.08,0.39,0.02
20031204,-0.12,0.27,0.24,-0.26,0.16,-0.41,-0.92,-0.35,0.07,-1.21,-0.65,-0.1,0.15,1.17,-0.03,-0.02,1.08,-0.31,1.22,0.52,0,0.14,0.33,1.27,1.05,2.71,-2.18,-0.44,1.33,2.19,0.5,1.31,-1.31,0.78,1.18,0.37,-1.03,0.48,1.72,-0.58,0.12,-0.78,-0.08,0,0.44,0.42,-0.38,-1.09
20031205,0.53,0.25,0.78,-0.54,-0.39,-1.16,-0.1,-0.87,-0.4,-0.7,-0.57,-0.52,-0.5,-1.08,-0.81,-0.7,-0.37,-0.26,-1.28,0.39,-0.61,-0.21,-0.73,-1.25,-0.95,-0.59,1.67,0.73,4.97,0.16,-0.04,-0.65,-1.67,-1.02,-1.49,-2.79,-2.09,-0.77,-0.4,-1.14,-0.44,-0.63,-1.75,-0.8,-0.52,-0.4,-1.52,-0.29
20031208,0.8,0.19,0.83,1.21,1.9,-0.86,0.65,0.01,-0.21,0.32,-1.26,1.06,0.7,1.29,0.42,0.3,0.64,1.55,1.86,0.98,0.76,0.07,1.62,1.62,2.06,2.05,-0.66,3.03,7.29,1.34,0.79,0.19,0.94,0.4,1.01,-0.61,0.17,1.47,1.36,0.56,0.81,0.07,0.03,1.16,0.51,0.69,0.93,0.95
20031209,-0.61,-0.93,-0.17,-0.01,-1.18,-1.19,-0.39,-0.46,-0.28,-0.58,-0.52,-0.99,-0.33,0.61,-4.38,-1.06,-0.03,-3.56,-1.62,-0.59,-1.09,-0.32,1.16,-0.31,0.11,-0.02,-3.12,-0.66,-3.18,0.25,-0.86,-0.28,-1.49,-0.75,-3.6,-3.53,-2.05,0.26,-0.68,-0.56,-1.01,-1.22,-0.78,-1.3,-0.3,-1.08,-1.28,0.5
20031210,-0.34,-0.73,-0.36,0.5,1.08,-0.13,-0.49,-0.57,-0.28,-1.59,-1,-0.3,-0.72,-0.77,0.02,-1.71,-0.99,-4.37,-1.56,-0.05,-0.65,-0.65,-0.47,-0.1,-1.13,-0.15,-4.62,-3.72,1.67,0.03,0.03,0.66,-0.66,0.37,0.23,0.28,-1.02,-0.69,-0.13,-0.29,-0.45,-0.72,0.07,-0.48,-0.33,-0.56,-0.79,0.34
20031211,1.74,0.56,1.68,0.43,1.46,0.42,1.98,0.79,0.02,1.96,1.29,1.42,1.29,0.88,2.38,2.24,1.03,2.85,2.94,1.42,1.72,1.69,1.91,1.75,1.45,0.96,1.42,3.31,0.7,0.45,0.59,1.27,1.74,1.56,2.03,2.82,2.87,0.66,1.09,1.74,1.47,1.23,0.85,0.94,1.26,0.19,1.34,2.08
20031212,0.72,0.04,0.98,1.21,0.17,0.91,2.5,0.23,0.9,0.06,-0.6,0.38,0.1,0.88,0.92,-0.59,1.09,1.11,1.17,0.25,0.69,0.1,0.61,1.13,0.26,0.24,1.48,0.68,0.74,0.92,0.19,0.2,0,0.45,0.14,0.03,0.71,0.5,1.18,0.66,0.64,-0.47,-0.49,0.25,0.53,2.85,0.88,-0.75
20031215,-1.81,0.68,0.49,0.64,0.22,0.16,0.37,-0.17,0.2,-1.56,-1.15,-0.98,-0.16,-0.62,-1.37,-0.88,-0.33,-1.53,0.13,-0.59,-1.21,-0.39,0.24,-0.34,-0.41,-0.72,0.64,-0.1,0.9,-1.09,-0.11,-0.12,-1.77,-1.02,-1.44,-2.28,-1.4,-0.38,-1.06,-0.71,-0.63,-2.14,-0.65,-0.76,-0.47,-0.53,-0.6,0.59
20031216,-0.39,0.36,-0.23,1.16,1.42,-0.48,-0.18,0.64,0.49,-0.17,-0.1,0.03,0.56,0.41,0.95,0.99,0.07,0.83,-1.05,0.42,0.39,0.65,-0.03,1.08,1.39,0.82,-2.44,-0.59,1.66,1.6,0.38,0.29,0.34,1.09,-0.66,-0.25,-0.18,0.64,0.67,0.64,-0.12,0.13,-1.2,0.84,0.62,-0.24,0.66,1
20031217,-0.43,-0.79,-0.42,-0.6,-0.19,0.95,0.26,-0.08,0.09,1.3,-0.1,1.62,0.07,-0.14,0.49,0.48,0.77,1.43,1.29,0.3,0.05,-0.46,1.32,0.54,1.73,1.63,1.89,0.21,1.02,1.02,0.48,0.36,0.12,-0.29,-0.34,-0.45,-0.62,0.55,-0.1,-0.27,0.05,1.56,-0.95,-0.26,-0.18,-0.31,0.05,0.31
20031218,-0.27,0.36,-0.41,-0.27,1.88,1.38,2.08,0.87,0.3,2.39,1.71,0.64,0.76,1.07,1.23,1.21,0.45,1.29,3.01,0.8,2.79,1.76,1.45,1.69,1.44,0.43,-0.21,-0.13,1.39,2.27,0.99,1.09,1.17,1.33,2.25,3.1,2.27,0.36,1.15,0.57,0.79,1.21,1.44,0.97,0.98,0.36,0.27,0.58
20031219,0.91,-0.39,0.35,0.01,0.76,0.75,0.6,-0.34,-1.22,0.61,-0.67,-0.32,0.09,-0.28,-0.2,-0.21,0.06,0.4,1.09,-0.72,-0.16,0.18,0.78,0.35,0.22,0.3,-2.74,-2.04,4.07,0.01,0.36,0.21,0.32,-0.16,-0.58,-0.95,0.26,0.2,0.38,0.09,-0.54,-0.3,-0.8,0.33,0.05,-0.37,-0.01,0.14
20031222,-0.47,0.33,-0.08,0.17,-0.63,-0.49,-0.81,0.11,0.49,0,1.11,-0.66,-0.06,1.23,0.55,0.36,0.49,1.38,0.91,0.41,0.45,0.12,4.07,1.21,-0.37,-0.58,1.07,-1.08,1.05,-0.14,0.7,0.54,0.14,0.57,0.29,0.31,0.65,0.7,0.32,0.87,0.38,0.13,2.06,0.47,-0.01,1.23,1.29,0.43
20031223,0.29,-0.17,0.29,0.19,-0.96,-0.21,-0.02,0.69,0.45,0.76,0.21,-0.06,0.5,0.34,1.47,0.65,0.27,0.48,-0.19,0.8,0.22,0.28,-0.78,0.34,0.54,0.33,0.1,0.16,-1.7,-0.17,0.48,0.41,0.64,0.5,0.91,1.72,0.96,-0.08,0.55,0,0.74,0.19,0.84,0.24,0.17,-0.21,0.43,0.28
20031224,0.13,-0.3,-0.44,-0.36,-0.93,-0.4,-0.13,-0.1,-0.15,-0.29,0.02,-0.18,0.35,-0.19,-0.97,-1.02,-0.48,-0.65,-0.92,-0.28,-0.43,-0.63,0.41,-0.93,0.7,1.01,0.37,0.44,-0.34,0.66,-0.09,-0.29,0.37,-0.24,-0.03,-0.3,0.16,-0.23,-0.6,-0.54,-0.15,-0.45,-2.75,-0.23,0.11,0.28,-0.51,-0.59
20031226,0.83,0.18,0.19,0.06,0.28,0.23,0.18,0.1,0.06,0.52,0.3,0.35,-0.01,0.43,1.04,0.57,0.28,0.7,1.23,0.65,0.2,0.35,-0.07,0.38,-0.04,0.2,2.87,1.95,0.87,0.47,0.05,0.15,0.02,0.27,-0.15,0.42,0.21,0.16,0.22,0.18,0.29,0.46,0.28,0.14,0.04,0.64,0.17,-0.44
20031229,2.23,0.7,0.58,0.28,1.33,0.98,0.93,1.23,1.04,0.51,1.34,1.72,0.99,1.41,1.19,0.67,1.04,0.53,2.67,1.93,1.32,1.41,1.07,1.11,0.46,0.2,4.06,1.63,1.12,1.33,0.79,1.55,1.84,1.16,1.83,2.29,1.78,0.99,1.2,1.21,1.09,1.16,1.62,1.19,1.49,1.37,1.8,1.04
20031230,0.01,0.28,0.67,0.47,-0.53,0.42,-0.44,0.45,0.19,-0.22,0.35,0.65,0.05,-0.75,0.39,0.17,-0.34,-1.25,-1.54,-0.26,-0.2,-0.21,-0.38,-0.29,0.06,-0.01,-0.54,-0.18,-0.34,0.22,0.34,0.47,-0.3,-0.03,-0.25,-0.24,0.5,-0.05,-0.36,-0.37,0.07,0.01,0.78,0.2,0.32,0.67,0.1,-0.29
20031231,-0.65,-0.04,0.02,0.48,0.68,0.02,0.03,-0.09,0.12,0.41,-0.29,-0.32,0.3,0.23,-0.83,-0.68,0.06,-1.04,-0.6,-1.59,-0.51,-0.23,-0.25,0.29,0.03,1.14,-0.99,-1.07,-1.01,-0.05,-0.38,0.63,0.01,-0.34,-0.06,-0.14,-0.18,0.49,0.5,-0.32,-1.24,0.29,-0.3,-0.08,0.08,-1.29,0.01,0.69
